id,name,feature,lat,lon,nearest_node,attraction_score
0,横浜すみれが丘郵便局,post_office,35.5656004,139.5810522,2187246414,0.5
1,横浜センター北駅前郵便局,post_office,35.553232,139.5778401,10712492257,0.5
2,ヨークフーズ,supermarket,35.5648367,139.5843071,3803654352,0.4
3,マルエツ,supermarket,35.5638119,139.5701832,10732935709,0.4
4,AOKI,clothes,35.5611952,139.5801688,1303245512,0.4
5,江戸前びっくり寿司,restaurant,35.5560047,139.577823,9983573509,0.5
6,しゃぶしゃぶ 木曽路,restaurant,35.5569178,139.5788174,10721114732,0.5
7,かに料理 横浜甲羅本店,restaurant,35.5575546,139.5777957,1728170096,0.5
8,まいばすけっと,supermarket,35.5628043,139.5701188,2555365272,0.4
9,横浜キャンパス図書館,library,35.5617244,139.5752785,7368660671,0.8
10,学生食堂,restaurant,35.561503,139.5742961,2616953964,0.5
11,学生ホール,cafe,35.5613973,139.5745311,2616953964,0.6
12,都筑阪急,mall,35.5550704,139.5775365,8411280138,0.7
13,CAFE LEXCEL,cafe,35.5536904,139.5792721,10624985150,0.6
14,スターバックス,cafe,35.5545684,139.5781306,8411280183,0.6
15,本格焼肉 ふくひろ亭,restaurant,35.5621863,139.5726205,1303244922,0.5
16,季節料理 喜多川,restaurant,35.5630755,139.5700014,9933290458,0.5
17,ラーメン なかがわ亭,restaurant,35.5630536,139.5700376,9933290458,0.5
18,中華料理 博,restaurant,35.5635086,139.5693222,2555242407,0.5
19,Atelier KiD,clothes,35.5622048,139.5721578,1704650216,0.4
20,BAR DE ESPANA Zorro,restaurant,35.5641324,139.5698356,2587567965,0.5
21,リンガーハット,restaurant,35.5657488,139.5759926,6394962503,0.5
22,焼肉市場 げんかや,restaurant,35.5582658,139.578773,1704577713,0.5
23,究極ラーメン 横濱家,restaurant,35.565627,139.5761522,6394962503,0.5
24,サイゼリヤ,restaurant,35.5549543,139.5781411,2639302690,0.5
25,老麺魂,restaurant,35.563505,139.5837442,7369033922,0.5
26,RADIKA,restaurant,35.563478,139.5840909,7369033922,0.5
27,ベンチライブラリー,library,35.55509,139.5754135,6452247824,0.8
28,JA横浜ハマッ子直売所,supermarket,35.5534943,139.5799692,6452362832,0.4
29,コメダ珈琲店,cafe,35.5536686,139.5781916,10624985151,0.6
30,東急ストア,supermarket,35.5535716,139.5780132,2637060681,0.4
31,まいばすけっと,supermarket,35.5554635,139.582406,10721102930,0.4
32,かまめし・くしやき 木の香（きのか）,restaurant,35.562042,139.5696111,2626055007,0.5
33,相鉄ローゼン,supermarket,35.5547887,139.5779843,2639302690,0.4
34,ラ・オハナ,restaurant,35.5536499,139.5759337,10712492269,0.5
35,大観覧車,attraction,35.5548736,139.5783437,2639302690,1.0
36,ブックファースト,books,35.5552227,139.5777452,10723483823,0.6
37,エディオン,electronics,35.5551354,139.5777201,10723483823,0.5
38,モーリーファンタジー,playground,35.5549914,139.5776862,8411280138,0.6
39,H&M,clothes,35.5551689,139.5773607,10723483823,0.4
40,ドトールコーヒーショップ,cafe,35.5664661,139.5748405,2187246625,0.6
41,ITS'DEMO,clothes,35.5534845,139.5784906,10624985148,0.4
42,まいばすけっと,supermarket,35.5634297,139.5696969,10732935708,0.4
43,エビン,restaurant,35.5621759,139.569762,2626055007,0.5
44,こめいろ,restaurant,35.5626447,139.5728569,2587513272,0.5
45,シェアリーカフェ,cafe,35.5628572,139.5718655,2587513282,0.6
46,集う人達,artwork,35.5627235,139.570135,2555365272,0.8
47,じげもんちゃんぽん,restaurant,35.5550931,139.57918,10721114682,0.5
48,喜多川,restaurant,35.5631058,139.5699627,9933290458,0.5
49,麺屋空海 センター北店,restaurant,35.5538133,139.5780571,8411280185,0.5
50,ドトールコーヒーショップ,cafe,35.5540032,139.578182,8411280183,0.6
51,ゆかりな,restaurant,35.5537354,139.5780077,8411280185,0.5
52,田園食堂うめや,restaurant,35.5535013,139.5688852,730906859,0.5
53,太風心風鳳,restaurant,35.5537695,139.5686445,10732733201,0.5
54,木かふぇ,cafe,35.5537393,139.5686549,10732733201,0.6
55,お好み焼き 杏子,restaurant,35.5554028,139.5795252,8411254516,0.5
56,燻製ダイニング 煙ぷらす,restaurant,35.5554542,139.5801565,10721114668,0.5
57,太陽の鳥,restaurant,35.5547487,139.5791582,8411254515,0.5
58,牛久保公園,park,35.55955350979913,139.58034155182816,5228128328,0.8
59,川崎市立西有馬小学校,school,35.57160985583933,139.57650155951896,1302821664,0.7
60,川崎市立有馬中学校,school,35.57113804256014,139.57740431528293,1302821664,0.7
61,モザイクモール港北,mall,35.5549556808165,139.5779362703417,2639302690,0.7
62,あいたい,mall,35.5535975737574,139.57804765406203,8411280185,0.7
63,東京都市大学,university,35.56113211580126,139.57567842109927,13403237136,0.9
64,横浜市立北山田小学校,school,35.56477982878993,139.58586679683032,2187246370,0.7
65,横浜市立都筑小学校,school,35.55667839477692,139.5747795733506,10730038661,0.7
66,横浜市立中川西小学校,school,35.56019570075245,139.56895019775362,6437962852,0.7
67,横浜市立牛久保小学校,school,35.559349485498736,139.58199381734173,1767739968,0.7
68,Yotsubako,mall,35.55366969184788,139.5791299979257,10624985150,0.7
69,牛久保西公園,park,35.559029487475,139.57787650554556,7099852153,0.8
70,センター北駅前交番,police,35.55420039706023,139.5778475831501,1617305645,0.4
71,センター北広場,park,35.55441106914499,139.57901720566727,8411254515,0.8
72,中川駅前郵便局,post_office,35.5629145365717,139.57037106870067,7368660737,0.5
73,中川駅前交番,police,35.56289410505854,139.5704756341516,1704650319,0.4
74,和食れすとらん 天狗,restaurant,35.56258639113267,139.56953123721917,7368660723,0.5
75,プレミア ヨコハマ,mall,35.55494313032494,139.57930081382963,8411254515,0.7
76,山崎公園,park,35.55908106447169,139.5700692193569,5406585797,0.8
77,JASMIN,hospital,35.562827055146506,139.56919140238725,7368660723,0.4
78,牛久保西すずらん公園,park,35.557843658424034,139.58018987524716,1704577740,0.8
79,牛久保あやめ公園,park,35.563177340486725,139.57755811406025,7368658444,0.8
80,牛久保西ひかりがおか公園,park,35.56427124079704,139.57204369773447,6452310341,0.8
81,横浜市立すみれが丘小学校,school,35.565981459972406,139.58015849526552,2187246410,0.7
82,大谷家,restaurant,35.5629012,139.57244535,2587513285,0.5
83,牛久保東さくらんぼ公園,park,35.55301084025106,139.5822384107249,1728169953,0.8
84,すみれが丘公園,park,35.56598652155325,139.58454876505516,3800772443,0.8
85,横浜市立中川西中学校,school,35.56203254161715,139.5654312022812,6534663635,0.7
86,すみれが丘第二公園,park,35.56687460278579,139.57892639148668,1303152408,0.8
87,烏山公園,park,35.56369947429278,139.56768791674693,6452310359,0.8
88,宿之入公園,park,35.56244473402288,139.5667237014434,6534663632,0.8
89,牛久保こすもす公園,playground,35.56216379316113,139.58207581704798,1303245549,0.6
90,ヴィーノヴィーノ,restaurant,35.56319513101549,139.58057513151326,1303245638,0.5
91,北山田かくれんぼ公園,playground,35.56541077794274,139.58770004729786,10803856438,0.6
92,ジョリーパスタ,restaurant,35.561551535466144,139.58689161057603,10736725949,0.5
93,あゆみが丘公園,park,35.56862532721529,139.5659083243416,7924959775,0.8
94,和幸,restaurant,35.56761473783879,139.56621706939782,7924960097,0.5
95,徳生公園,park,35.55467139563002,139.58657912013268,3732569009,0.8
96,新石川四丁目公園,park,35.57037895403802,139.5655301823881,908108531,0.8
97,牛久保のぞみがおか公園,park,35.56846877147151,139.5742322974359,2187247066,0.8
98,中川八幡山公園,park,35.55446337647298,139.57087533562552,9983566999,0.8
99,中川なでしこ公園,park,35.55370967653404,139.57440887868665,2039372133,0.8
100,中川ききょう公園,park,35.55680871000762,139.57275749026337,9983573438,0.8
101,中川ゆめみがおか公園,park,35.5608258862268,139.5661683548136,1484203720,0.8
102,北山田おにごっこ公園,park,35.567040535688314,139.58777010967623,2187246561,0.8
103,北山田しゃぼんだま公園,park,35.56029984875556,139.58815991713536,2261866976,0.8
104,北山田じゃんけん公園,park,35.5611028026407,139.58518062161,1303245745,0.8
105,すみれが丘第三公園,park,35.56621365589096,139.57804201572318,7366851996,0.8
106,すみれが丘第四公園,park,35.56819684655346,139.57660237175034,7049432086,0.8
107,すみれが丘第五公園,park,35.566838453095684,139.57545995162445,1303151801,0.8
108,有馬梅林公園,park,35.569955784470345,139.57967683716902,9269422096,0.8
109,有馬もみの木公園,park,35.56907035917219,139.5816768125034,2187247134,0.8
110,有馬やまもも公園,park,35.5686839976709,139.5838402201199,9269585410,0.8
111,焼肉きんぐ,restaurant,35.56706999285557,139.57495948018322,7366852030,0.5
112,おあしすぽけっと,playground,35.554245485959825,139.5809289570679,10310178229,0.6
