node_id,lat,lon,elevation
286181276,35.5651548,139.5771104,31.4
286182061,35.5650986,139.5770508,31.5
308022083,35.5623967,139.5675949,42.2
308022101,35.5635038,139.5684934,47.4
308022850,35.5668096,139.568292,41.3
308022851,35.5669081,139.5682737,41.4
308022852,35.5665269,139.5664427,33.2
308022854,35.5666044,139.5664273,33.2
443306873,35.5640113,139.5804117,30.7
443306874,35.564109,139.5804755,30.7
443306880,35.5639962,139.5805179,30.7
443306889,35.567464,139.5837693,39.8
443306892,35.5689179,139.584051,48.9
461629162,35.5634727,139.568594,47.7
461629163,35.5633202,139.568519,47.2
461629164,35.5623447,139.5676691,42.3
461629181,35.5668274,139.5683967,41.6
461629182,35.5669233,139.5683775,41.6
461629311,35.5640094,139.5662507,42.4
461629319,35.5648506,139.5666505,45.0
461629321,35.5645339,139.567143,48.9
461629482,35.5633877,139.5685564,47.5
461629483,35.5634214,139.5684533,47.1
461629489,35.5570736,139.5778563,37.0
461629490,35.5570346,139.5779843,37.0
461629493,35.5554785,139.5821019,35.8
461629494,35.5554261,139.5822133,35.8
461629500,35.5541949,139.587757,23.0
461630321,35.5608656,139.5720717,46.2
461630327,35.5569959,139.5778177,37.0
461630329,35.5569573,139.5779476,37.0
461630334,35.5553972,139.5820528,35.8
461630335,35.5553494,139.5821747,35.8
461630341,35.5541082,139.5877853,23.3
461630402,35.5568484,139.5873263,25.5
461630500,35.5620515,139.5800518,33.2
461630504,35.5619941,139.5805502,33.2
461630506,35.5601829,139.5814517,31.9
461630507,35.5618143,139.5832829,35.4
461630509,35.5636023,139.5836703,28.0
461630510,35.5636852,139.5836874,28.0
461630515,35.5655672,139.5860038,30.3
461630518,35.5678954,139.5866422,42.8
461630519,35.568364,139.586885,44.6
461630522,35.5694542,139.5877379,32.4
730906859,35.5534877,139.5691862,14.9
739474123,35.5550144,139.5839169,31.8
739474124,35.5559535,139.5774496,34.3
739474126,35.5560637,139.5807111,36.8
739474127,35.5559941,139.5806663,36.8
739474128,35.5550847,139.5800835,36.8
739474131,35.5541159,139.585802,27.3
739474132,35.5540382,139.5857908,27.3
739479974,35.5565336,139.5691183,19.6
908108395,35.5709959,139.5686059,64.3
908108402,35.5709902,139.5689553,67.0
908108408,35.5682958,139.5663549,35.4
908108431,35.5709228,139.5688014,65.3
908108470,35.5670956,139.5664067,32.7
908108509,35.5698807,139.568423,57.1
908108531,35.5702619,139.5665874,40.6
908108539,35.5691286,139.5684801,55.6
908108541,35.5699031,139.5671428,40.1
908108559,35.5689924,139.5673699,44.9
908108566,35.5710902,139.5684614,63.3
908108580,35.5693462,139.5667568,38.4
908108584,35.569486,139.5684886,56.7
908108602,35.5694065,139.5685094,56.6
908108609,35.5691683,139.5670772,40.9
908108661,35.5688133,139.5676844,49.0
908108687,35.5694196,139.5672955,43.6
908108702,35.5679571,139.5663698,34.7
908108715,35.5703666,139.5675742,48.6
908108719,35.568813,139.5683399,54.5
908108751,35.5679651,139.5667692,37.3
908108783,35.5696764,139.5675135,47.4
908108787,35.5679821,139.5675059,45.3
908108796,35.568557,139.5681579,55.1
908108799,35.5679808,139.5671389,41.4
916037104,35.5546964,139.5837159,32.3
916037109,35.5555618,139.5842634,28.5
916037137,35.5548492,139.5852635,27.7
916037142,35.5553693,139.5841428,28.8
916037148,35.5547665,139.5837597,32.3
916037161,35.5545189,139.5850619,30.2
916037163,35.5557575,139.5832548,33.9
916073664,35.5535725,139.5844989,35.4
916073674,35.5539383,139.5848077,32.7
916073694,35.5537579,139.5857673,27.6
1302821170,35.5707153,139.5874513,29.4
1302821179,35.5700324,139.5745728,64.6
1302821294,35.5705987,139.5750406,57.2
1302821354,35.5701258,139.5842778,37.4
1302821425,35.5708258,139.5833372,36.2
1302821431,35.5692327,139.5828639,47.5
1302821441,35.5699074,139.5763383,56.4
1302821453,35.5693249,139.5758644,59.0
1302821479,35.5703169,139.5860648,31.1
1302821559,35.5690928,139.5853574,41.1
1302821664,35.5705145,139.576846,58.5
1302821747,35.571048,139.5791831,43.0
1302821812,35.5697464,139.5830259,41.6
1302821823,35.5700269,139.580119,49.9
1302821901,35.5695528,139.5841615,43.4
1302821907,35.5695979,139.5787005,49.1
1302821937,35.5705609,139.5853366,32.5
1302822001,35.5696485,139.5777206,50.0
1302822038,35.5703395,139.5795267,44.6
1302822154,35.5703754,139.577784,55.1
1302822187,35.5710648,139.5733362,72.9
1302822332,35.5695492,139.5856523,36.9
1302822442,35.5702948,139.5831461,37.8
1302822609,35.5693448,139.5823936,46.5
1302822618,35.5707001,139.5798113,40.7
1302822664,35.5698333,139.5743959,67.1
1302822678,35.57037,139.582627,38.1
1302822844,35.5706375,139.5844144,34.4
1302822872,35.5696,139.5785381,49.1
1302823040,35.5691657,139.5809683,51.7
1302823084,35.5711096,139.5812459,35.9
1302823140,35.570569,139.5815635,38.9
1302823149,35.5710244,139.5864616,29.6
1303149867,35.5671192,139.5824557,34.9
1303149919,35.5678744,139.5804634,38.7
1303149938,35.5656401,139.5840108,30.6
1303149946,35.5678518,139.5729377,42.6
1303149975,35.5683108,139.572997,47.2
1303150040,35.5665484,139.5834922,33.8
1303150220,35.5700187,139.5730235,63.1
1303150361,35.5673048,139.582583,35.3
1303150582,35.5676922,139.5739729,46.1
1303150613,35.5678601,139.5822267,39.8
1303150656,35.5685127,139.5803985,44.4
1303150678,35.567651,139.5784295,46.0
1303150717,35.5674436,139.5865328,40.7
1303150794,35.5672028,139.5790623,47.2
1303150802,35.5645459,139.5819057,33.4
1303150833,35.5659471,139.5822459,34.9
1303150908,35.5670905,139.5809824,38.2
1303150921,35.5642481,139.5821096,29.1
1303150950,35.5687501,139.5730639,52.0
1303151168,35.5663681,139.5837718,33.2
1303151172,35.5703537,139.5734801,66.9
1303151197,35.5678341,139.5800086,40.0
1303151281,35.5649734,139.584934,28.7
1303151285,35.565278,139.5811704,37.9
1303151393,35.5670198,139.5759705,41.5
1303151405,35.5694034,139.5736918,61.1
1303151435,35.5654601,139.5827161,39.0
1303151529,35.5672283,139.5758086,40.1
1303151563,35.5692594,139.5710434,43.3
1303151619,35.5688746,139.5742662,55.5
1303151690,35.5690969,139.5732948,56.2
1303151694,35.5659556,139.5877872,40.3
1303151719,35.5652546,139.5845509,29.9
1303151724,35.569674,139.5740895,64.7
1303151740,35.5685914,139.5840077,48.5
1303151798,35.5672443,139.5800884,42.5
1303151801,35.5670872,139.5752218,37.6
1303151802,35.5644758,139.5813391,35.5
1303151833,35.567646,139.581346,36.3
1303151885,35.5677285,139.5769008,50.9
1303151961,35.5669174,139.5784577,46.5
1303152028,35.5645649,139.580578,33.4
1303152065,35.5650024,139.5826492,42.8
1303152180,35.5652148,139.5829374,40.7
1303152201,35.563839,139.5855117,32.0
1303152231,35.5688115,139.5827345,50.6
1303152303,35.5667342,139.5831649,34.5
1303152385,35.5684216,139.578877,52.2
1303152408,35.5668917,139.5793515,47.9
1303152517,35.56419,139.5812907,35.0
1303152657,35.5675721,139.5729062,42.1
1303152700,35.56854,139.574622,53.3
1303152724,35.5647915,139.5816428,36.2
1303152736,35.5680705,139.575761,47.0
1303152765,35.566129,139.5767203,43.6
1303152777,35.5655592,139.577587,34.9
1303152965,35.5681907,139.5817037,40.9
1303152967,35.567844,139.5761306,47.2
1303153103,35.5676971,139.5788711,45.3
1303243302,35.5613523,139.5851146,37.2
1303243309,35.5537208,139.5752334,22.9
1303243311,35.5558844,139.5716651,23.9
1303243326,35.5616123,139.584854,36.9
1303243330,35.5573918,139.5730298,43.8
1303243337,35.5635293,139.5748488,43.0
1303243353,35.5553039,139.5723695,30.3
1303243388,35.5646216,139.5695186,49.3
1303243391,35.5644124,139.5673842,50.0
1303243402,35.5596386,139.573099,42.1
1303243421,35.5535674,139.5732719,16.7
1303243426,35.558569,139.5716426,45.8
1303243438,35.5607738,139.5821366,34.1
1303243470,35.5620602,139.5856248,34.3
1303243471,35.5634388,139.5775547,40.5
1303243477,35.5624579,139.5845673,35.6
1303243492,35.562769,139.5797469,34.4
1303243513,35.5537657,139.5719375,18.0
1303243541,35.5592186,139.5743522,41.4
1303243558,35.5629371,139.5775181,42.0
1303243568,35.5630874,139.5820573,35.8
1303243582,35.5615028,139.5730349,44.4
1303243610,35.5627314,139.5820825,38.3
1303243623,35.563208,139.5725574,51.3
1303243643,35.5553997,139.5703004,22.8
1303243645,35.5632988,139.5742152,46.9
1303243654,35.5647988,139.5692221,48.9
1303243656,35.5612705,139.5868435,27.3
1303243660,35.5642528,139.573021,56.8
1303243664,35.5659198,139.5704613,55.3
1303243668,35.5573374,139.5740444,43.3
1303243670,35.5560934,139.5703611,24.2
1303243680,35.5593152,139.5793824,25.4
1303243700,35.5573669,139.5735298,43.5
1303243719,35.5635167,139.5821027,34.9
1303243724,35.557526,139.5715446,39.3
1303243746,35.563689,139.5714091,57.2
1303243747,35.5628255,139.5807298,33.6
1303243752,35.5607511,139.5807365,36.8
1303243761,35.5610699,139.582478,35.5
1303243765,35.5571019,139.5725178,42.7
1303243768,35.5544752,139.5747151,26.1
1303243780,35.557001,139.5689397,20.2
1303243821,35.5625719,139.5826649,36.5
1303243857,35.55831,139.570544,39.8
1303243862,35.5562797,139.5740174,39.3
1303243874,35.5588907,139.5825093,23.7
1303243880,35.5635058,139.5728453,53.0
1303243904,35.5614697,139.5865545,27.6
1303243928,35.5619448,139.5780713,40.1
1303243958,35.561903,139.5760071,47.2
1303243998,35.561631,139.583136,36.5
1303244001,35.5634127,139.5798666,35.0
1303244009,35.5617005,139.581655,40.1
1303244036,35.561607,139.581774,40.3
1303244080,35.5651329,139.572342,61.4
1303244084,35.5567603,139.5734969,43.8
1303244135,35.5638718,139.5860522,32.9
1303244149,35.5621655,139.5740003,49.9
1303244151,35.5578638,139.5721859,44.9
1303244168,35.5627633,139.5846749,34.9
1303244179,35.5630653,139.5738093,48.8
1303244181,35.563982,139.5785518,36.9
1303244183,35.5636019,139.5783531,38.7
1303244186,35.5613664,139.5813598,39.2
1303244211,35.5617471,139.5861739,30.3
1303244213,35.5644821,139.5729403,58.1
1303244225,35.5584366,139.5747452,39.5
1303244238,35.56386,139.5777774,37.7
1303244259,35.559697,139.5742843,39.5
1303244265,35.5638306,139.5731605,54.4
1303244266,35.5649206,139.5714749,62.4
1303244269,35.5607921,139.5733065,41.9
1303244285,35.5552534,139.5733809,30.5
1303244310,35.5596101,139.5730463,42.1
1303244324,35.5628834,139.5722407,50.1
1303244343,35.5642543,139.5725062,58.0
1303244370,35.5627601,139.5770285,42.5
1303244391,35.5573812,139.5712575,36.8
1303244394,35.5624953,139.5754314,48.2
1303244396,35.558131,139.5745479,40.0
1303244398,35.5546559,139.5738423,26.9
1303244401,35.5618626,139.5761681,46.6
1303244402,35.5630292,139.5854407,33.2
1303244403,35.5646177,139.5768292,31.6
1303244404,35.5643548,139.5699188,50.3
1303244406,35.5644314,139.5871145,32.2
1303244423,35.5553388,139.5716312,26.6
1303244447,35.5631315,139.575072,46.3
1303244466,35.5564137,139.5729652,39.9
1303244494,35.5630906,139.5798058,34.7
1303244497,35.5547344,139.5723338,28.0
1303244500,35.5592259,139.5738399,43.3
1303244551,35.5585576,139.5734745,44.9
1303244585,35.5587914,139.5714681,45.9
1303244587,35.5622582,139.5723359,49.4
1303244599,35.556351,139.5741628,40.3
1303244612,35.5557263,139.5707086,21.9
1303244623,35.5612591,139.5788763,37.1
1303244649,35.5555355,139.5716406,25.5
1303244654,35.5617824,139.5723961,47.2
1303244668,35.5604774,139.5847981,34.5
1303244678,35.5535619,139.5756858,23.0
1303244683,35.5599333,139.5855452,32.0
1303244705,35.5607183,139.5844621,36.8
1303244710,35.5616331,139.5804791,34.9
1303244716,35.5601296,139.5745526,38.0
1303244738,35.5576355,139.5711462,38.1
1303244792,35.5631585,139.5709228,55.0
1303244820,35.5575772,139.5741905,42.3
1303244833,35.5649466,139.5726587,60.4
1303244867,35.5604804,139.5817933,32.8
1303244900,35.5598902,139.5827021,30.8
1303244915,35.5565751,139.5717823,32.3
1303244918,35.5597531,139.5755709,36.2
1303244919,35.566865,139.5749661,36.7
1303244921,35.564201,139.5779575,35.2
1303244922,35.5620804,139.5726859,46.9
1303244943,35.5584476,139.573274,45.0
1303244958,35.565852,139.5699871,57.1
1303244967,35.5581072,139.5720074,45.2
1303244973,35.5626452,139.5736411,51.6
1303244983,35.5646067,139.5707279,56.5
1303244989,35.5619745,139.5844046,36.7
1303245004,35.5629775,139.5780289,41.9
1303245006,35.5619748,139.5858463,32.9
1303245016,35.5624786,139.58346,32.1
1303245082,35.5542704,139.573821,23.4
1303245099,35.5610174,139.5810422,38.1
1303245107,35.5594595,139.5727585,42.3
1303245121,35.5621854,139.5790475,36.2
1303245173,35.562896,139.5752032,46.5
1303245196,35.5613668,139.5851835,37.2
1303245215,35.5625582,139.5739554,51.8
1303245218,35.5617045,139.576843,44.4
1303245219,35.56635,139.570666,56.5
1303245243,35.564457,139.572191,59.7
1303245251,35.5583011,139.5729922,45.4
1303245263,35.5631635,139.5848027,32.9
1303245267,35.5625232,139.5784482,39.5
1303245275,35.563313,139.5836126,28.3
1303245317,35.5569745,139.5751972,43.7
1303245332,35.5640449,139.5728282,56.0
1303245344,35.559792,139.5724916,42.9
1303245354,35.5581024,139.5707512,38.9
1303245396,35.5578621,139.5743739,40.4
1303245405,35.55747,139.5754412,42.9
1303245431,35.5621588,139.5851553,35.9
1303245434,35.565063,139.570143,52.9
1303245451,35.5553225,139.5720186,28.2
1303245475,35.5611529,139.5855131,35.2
1303245510,35.5621598,139.5786539,37.6
1303245512,35.5612755,139.5804145,37.4
1303245533,35.5576884,139.571855,42.2
1303245549,35.5622694,139.5818927,39.3
1303245572,35.5589123,139.5750507,38.5
1303245638,35.563242,139.5808003,33.8
1303245665,35.5561279,139.5707303,22.6
1303245670,35.5552233,139.573888,29.8
1303245687,35.5590042,139.5718834,45.1
1303245697,35.5617645,139.577582,42.0
1303245698,35.5612935,139.5856809,34.1
1303245715,35.5532358,139.573195,16.2
1303245724,35.5641875,139.5768193,33.8
1303245728,35.5629239,139.5859118,29.8
1303245745,35.5610911,139.5854735,35.2
1303245763,35.5637742,139.5768058,36.7
1303245792,35.5578769,139.5709403,38.5
1303245797,35.5533385,139.5718472,15.1
1303245799,35.5588864,139.5741344,42.3
1303245801,35.5638865,139.5757942,39.9
1303245814,35.5598299,139.5782034,25.6
1303245823,35.5620976,139.5833872,34.1
1303245831,35.556099,139.5715928,23.7
1303245838,35.5599362,139.5736753,41.2
1303245847,35.5637418,139.5666615,44.5
1303245892,35.557229,139.5753143,43.5
1303245898,35.5604847,139.5747532,38.9
1303245928,35.5664143,139.574577,36.8
1303245930,35.5557506,139.5703324,21.9
1303245942,35.5591926,139.5796101,25.5
1303245961,35.5552714,139.5728749,31.5
1303245968,35.5581794,139.5745823,39.8
1303245980,35.5649375,139.5698223,50.6
1303246004,35.5540283,139.5724234,19.0
1303246008,35.5616821,139.577358,42.7
1303246009,35.5624187,139.5729677,48.4
1303246020,35.5630356,139.5875762,29.3
1303246028,35.5629955,139.5741139,49.2
1303246044,35.5624506,139.5869554,29.2
1303246046,35.5640098,139.5695924,50.2
1303246048,35.5624063,139.5806543,33.3
1303246059,35.5633044,139.5755402,44.6
1303246072,35.5621094,139.5796181,33.9
1303246079,35.5637438,139.5693379,49.5
1303246091,35.5628931,139.5835374,30.2
1303246100,35.5626696,139.5819713,38.5
1303246106,35.5597815,139.5733771,41.8
1303246117,35.564416,139.567659,50.9
1303246134,35.5630537,139.5822045,35.8
1303246155,35.5592122,139.5722832,43.8
1303246207,35.5610256,139.5860725,31.6
1303246213,35.5573111,139.5759252,41.9
1303246216,35.5635038,139.5865873,33.2
1303246232,35.5610194,139.5788431,37.3
1303246234,35.5634811,139.5760173,41.7
1303246235,35.5626346,139.5865623,29.4
1303246238,35.5636645,139.5765162,38.6
1303246240,35.5632665,139.5870848,29.5
1303246251,35.5615029,139.5846041,37.0
1303246265,35.562448,139.5796873,34.1
1303246278,35.5651328,139.570619,54.6
1303246290,35.5605111,139.5737373,40.5
1303246306,35.5613637,139.5828205,36.9
1303246335,35.561314,139.581423,39.3
1303246369,35.5617146,139.573215,44.9
1303246397,35.564652,139.5718847,60.9
1303246399,35.5610826,139.5810125,38.4
1303246413,35.5630364,139.5824002,35.1
1303246427,35.5639741,139.5721245,56.5
1303246444,35.5591261,139.5712011,46.1
1303246453,35.5563883,139.573469,40.5
1303246463,35.5620517,139.5783638,38.9
1303246491,35.5601894,139.5851927,32.2
1303246493,35.5559436,139.5752516,43.7
1303307793,35.5553486,139.5852397,18.9
1303307985,35.5566231,139.5840394,20.4
1303309070,35.5570904,139.5837996,20.9
1303309324,35.5562261,139.5842196,19.9
1457663906,35.5705361,139.5737399,68.5
1471065423,35.5690485,139.5853103,41.6
1471065425,35.5688727,139.5855502,42.9
1471065529,35.5696637,139.5811482,47.6
1471065539,35.569161,139.5808767,52.1
1471065594,35.5698386,139.580642,50.9
1471299551,35.5708087,139.586777,29.7
1484203223,35.5531781,139.5680656,14.8
1484203279,35.553898,139.5681875,15.7
1484203297,35.5541347,139.5677981,16.1
1484203310,35.5543619,139.5681458,14.9
1484203328,35.5544856,139.5673587,15.7
1484203354,35.5549293,139.5738662,28.8
1484203358,35.5550032,139.5723508,29.0
1484203372,35.5554195,139.5693318,19.1
1484203377,35.555544,139.5693024,19.1
1484203389,35.5558265,139.5661551,16.5
1484203409,35.5560649,139.5681319,15.2
1484203420,35.5566314,139.5678682,15.4
1484203446,35.5568755,139.5672248,16.7
1484203457,35.5571044,139.5674546,16.9
1484203477,35.5575176,139.5661574,15.6
1484203486,35.557673,139.5680309,19.7
1484203488,35.5577444,139.5663786,15.8
1484203492,35.5578863,139.5677169,19.5
1484203501,35.5580492,139.5674778,19.4
1484203528,35.5583567,139.5669975,19.2
1484203529,35.5583716,139.5680646,24.0
1484203539,35.5584436,139.5678361,22.8
1484203542,35.5585474,139.5675433,21.5
1484203554,35.5587305,139.5681568,27.0
1484203559,35.5588258,139.5662892,19.2
1484203567,35.5588195,139.5677395,25.6
1484203572,35.5590469,139.5658098,19.2
1484203583,35.5592523,139.5664674,20.2
1484203608,35.5595679,139.5660851,21.6
1484203628,35.5599868,139.5664988,23.2
1484203631,35.5600484,139.5662795,23.4
1484203634,35.5601107,139.5665562,23.5
1484203637,35.5601211,139.5669782,28.8
1484203638,35.5601842,139.5674612,31.9
1484203694,35.5608285,139.5675824,35.4
1484203701,35.5609197,139.5686944,49.9
1484203703,35.5608998,139.5664795,28.6
1484203720,35.5610857,139.5661798,30.8
1484203732,35.5611529,139.5683674,50.2
1484203738,35.5612101,139.5663675,32.6
1484203740,35.5613431,139.5666863,33.9
1484203758,35.5614786,139.5670866,41.1
1484203765,35.5616034,139.5665583,34.5
1484203774,35.5620614,139.5692233,49.6
1484203781,35.5620351,139.5665334,41.6
1484203786,35.5623575,139.5695076,49.4
1484203803,35.5626428,139.5697877,49.2
1484203845,35.5632289,139.5663838,44.3
1484203848,35.5634706,139.5663331,43.9
1484203849,35.5635022,139.5667711,44.6
1617305622,35.5533758,139.5760337,23.1
1617305624,35.5534746,139.5768644,22.4
1617305629,35.5544912,139.5767327,26.7
1617305631,35.5540324,139.5771378,27.3
1617305634,35.5538474,139.5770147,27.3
1617305643,35.5549167,139.576603,32.2
1617305645,35.5541329,139.5777169,27.8
1617305649,35.554153,139.5771926,27.3
1617305650,35.5545753,139.5766119,26.7
1617305651,35.5539017,139.5776828,27.9
1617305654,35.5547862,139.5770234,27.9
1617305664,35.5533297,139.5761786,23.1
1617305673,35.5545587,139.5767642,26.9
1617305674,35.5536539,139.5775731,27.8
1695752549,35.5540726,139.5771521,27.3
1695752551,35.5543812,139.5773103,27.3
1695820882,35.5557714,139.5779939,35.2
1695820899,35.5544233,139.5814356,36.3
1695820916,35.5556004,139.5785331,36.2
1695820920,35.5560996,139.5787899,37.0
1695820921,35.5546933,139.5808951,36.3
1695820964,35.5555835,139.5804059,36.9
1695860127,35.5612637,139.5717484,47.4
1695860175,35.5613033,139.5718216,47.6
1704222967,35.5620215,139.5708416,50.5
1704222981,35.5633575,139.5684162,47.0
1704222985,35.5626902,139.5698331,49.2
1704577692,35.5584673,139.5790414,35.0
1704577695,35.5569385,139.5791991,37.8
1704577709,35.557261,139.5797664,35.9
1704577713,35.558047,139.5788437,36.4
1704577717,35.5566704,139.5790738,37.7
1704577721,35.5575865,139.5762704,38.3
1704577736,35.5576283,139.5786392,38.4
1704577737,35.5565932,139.5790331,37.7
1704577740,35.5576784,139.5799729,34.1
1704650171,35.5625061,139.5719426,50.1
1704650185,35.5625223,139.5719168,50.2
1704650216,35.5623059,139.5722603,49.5
1704650244,35.5647913,139.568709,48.5
1704650253,35.5647889,139.5687898,48.7
1704650283,35.5627484,139.5731568,51.6
1704650317,35.5631977,139.5708615,55.0
1704650319,35.5628873,139.5705683,50.8
1728169953,35.5532187,139.5827725,37.6
1728169954,35.553283,139.5812405,37.9
1728169957,35.5533297,139.5839628,36.3
1728169959,35.553369,139.5828694,37.0
1728169962,35.5535397,139.5814119,39.2
1728169963,35.5536906,139.5842585,34.9
1728169965,35.553725,139.5830937,35.6
1728169978,35.5540769,139.5833255,34.1
1728169982,35.5540714,139.5844974,33.6
1728169990,35.5544628,139.5835664,32.5
1728169992,35.5545949,139.5820951,39.4
1728170001,35.5562544,139.5822384,38.9
1728170005,35.5563151,139.5808663,37.7
1728170021,35.5563889,139.5819219,39.1
1728170025,35.5565617,139.5815179,39.4
1728170028,35.5566402,139.580133,38.7
1728170029,35.55672,139.5811334,39.7
1728170034,35.5569147,139.5820373,36.0
1728170039,35.5569821,139.5815586,37.3
1728170050,35.5570741,139.5803459,36.8
1728170058,35.5572265,139.5819626,34.9
1728170059,35.5573123,139.5826116,30.9
1728170064,35.5574579,139.5817525,34.4
1728170066,35.5574865,139.5805563,35.1
1728170070,35.5575329,139.5830421,29.0
1728170074,35.5576468,139.5815788,34.0
1728170088,35.5577539,139.5812455,33.6
1728170089,35.5578529,139.5764172,38.7
1728170092,35.5578871,139.5808327,33.2
1728170096,35.5579323,139.577819,40.3
1728170102,35.5582555,139.5796649,34.3
1728170104,35.5583122,139.576628,39.8
1728170124,35.5584101,139.5823056,29.5
1728170125,35.5584263,139.5815788,30.4
1728170134,35.5584693,139.5797712,34.3
1728170135,35.5588577,139.5792341,34.6
1767473930,35.5626713,139.5758904,47.7
1767473936,35.5626179,139.5759199,47.7
1767473942,35.5649124,139.576823,31.4
1767473943,35.5634542,139.5739231,46.7
1767725819,35.5608527,139.5799746,40.1
1767727210,35.5598653,139.5777974,25.6
1767727211,35.5612599,139.5787854,37.2
1767727214,35.5605216,139.5777555,30.3
1767739950,35.56166,139.5842712,36.8
1767739951,35.5626778,139.5764807,45.0
1767739953,35.5641043,139.5782588,35.3
1767739956,35.5621655,139.5844731,36.4
1767739960,35.562832,139.5769832,42.5
1767739963,35.5625555,139.5838962,32.5
1767739964,35.5616105,139.5835544,36.6
1767739967,35.5627675,139.5764208,45.1
1767739968,35.5592302,139.5814405,27.0
1767739969,35.5628464,139.5839505,31.5
1786152730,35.5593182,139.5753134,38.0
1814571403,35.5539853,139.5872022,24.5
1814571408,35.5536335,139.5868047,25.4
1983118458,35.5608421,139.5757682,48.6
1983118462,35.5617708,139.5740868,52.2
1983118464,35.5608332,139.5775752,41.1
1983118493,35.5609177,139.5756476,48.6
1983118520,35.5606547,139.5766446,48.4
1983118522,35.5609578,139.575441,49.1
1983118538,35.5605214,139.5757548,48.4
1983281218,35.5603579,139.5765088,49.3
1983281252,35.5603022,139.5765769,49.3
1983281278,35.560284,139.5765012,49.9
1984029544,35.5616452,139.5765193,47.9
1984029559,35.5623212,139.5753898,49.2
1984029563,35.5622262,139.5753544,49.1
1984399485,35.5624004,139.5754214,48.6
1984399487,35.5624482,139.5741224,51.8
1984399488,35.5627228,139.573184,51.6
1984399490,35.562324,139.5749289,49.4
1984399491,35.5623579,139.5744699,50.7
2039371183,35.5538282,139.5747381,22.7
2039372133,35.5537913,139.5740632,19.0
2039387112,35.5600907,139.566136,23.8
2134826851,35.555773,139.5678429,15.2
2136811387,35.5569861,139.5714707,35.9
2136811388,35.5567158,139.5708954,31.8
2136811391,35.5568108,139.5698503,27.6
2136811578,35.5563276,139.5700951,25.4
2136813056,35.5566527,139.5706523,29.8
2136813367,35.55544,139.5696211,19.4
2136813369,35.5547586,139.5694724,18.4
2136813373,35.5556923,139.5695639,19.5
2136813766,35.5557679,139.570058,20.8
2136813798,35.5571556,139.5693712,23.1
2136813801,35.5575956,139.5700722,29.5
2136813803,35.5573335,139.569858,26.2
2139628835,35.5538785,139.5695048,15.6
2139630239,35.5539011,139.5675479,15.2
2139634750,35.5533565,139.5697803,14.9
2139634889,35.5532749,139.5703233,14.9
2139637635,35.5532049,139.570863,15.0
2139644691,35.5583363,139.5718258,45.5
2139647408,35.5565871,139.5718715,36.4
2139656835,35.5571707,139.568777,20.1
2139656838,35.5574881,139.5683043,19.8
2139658051,35.5582599,139.5671482,19.3
2139661796,35.5636916,139.5659859,42.8
2139661953,35.5641833,139.5659878,41.2
2139661954,35.5645049,139.5663079,43.1
2139661967,35.5643524,139.566517,44.7
2162438528,35.5614864,139.5784026,39.2
2162438531,35.561565,139.5786253,37.9
2162438532,35.5611365,139.5776589,40.5
2162438533,35.5585642,139.5787731,36.2
2162438536,35.5616328,139.5778747,41.2
2162438537,35.5618324,139.5777638,41.3
2162438538,35.5614511,139.5774833,42.4
2162718497,35.5613895,139.574002,52.0
2163993055,35.5624876,139.5701605,49.8
2187246349,35.5647224,139.5806449,34.5
2187246359,35.5648926,139.5798204,37.0
2187246363,35.5649085,139.5793446,38.2
2187246369,35.5650813,139.5786298,40.0
2187246370,35.5651245,139.5863505,32.1
2187246374,35.5652013,139.5798997,38.5
2187246386,35.5653475,139.5788056,41.9
2187246388,35.5653192,139.5855573,29.1
2187246393,35.5653433,139.586192,30.9
2187246410,35.565512,139.5799931,39.7
2187246414,35.5655282,139.5807597,37.6
2187246427,35.5655288,139.5794616,41.0
2187246432,35.5656225,139.5789759,43.7
2187246433,35.5656234,139.5876158,39.0
2187246441,35.5656596,139.5873512,38.0
2187246449,35.565712,139.586968,35.8
2187246451,35.5657721,139.5772812,37.5
2187246455,35.5657639,139.5865888,33.5
2187246459,35.565819,139.5861864,32.0
2187246461,35.5658426,139.5783348,40.5
2187246468,35.5659119,139.5774034,42.6
2187246474,35.5659578,139.5876826,40.3
2187246479,35.5659823,139.5779925,39.1
2187246502,35.5661421,139.5776337,41.9
2187246507,35.5661695,139.5807715,35.9
2187246510,35.566168,139.5862587,33.9
2187246515,35.5661792,139.5813283,35.6
2187246519,35.5661983,139.5820119,35.1
2187246549,35.5663554,139.57559,34.8
2187246557,35.5663699,139.5817577,35.3
2187246561,35.5663824,139.587784,42.8
2187246578,35.5664062,139.5795861,42.4
2187246590,35.5664688,139.5807712,37.4
2187246598,35.5665031,139.578892,46.9
2187246602,35.5665731,139.5762921,45.4
2187246614,35.5665948,139.5807744,37.6
2187246616,35.5665927,139.5851992,38.2
2187246619,35.5665967,139.5863553,36.6
2187246625,35.5666211,139.5746906,36.5
2187246627,35.5666141,139.5820085,35.6
2187246641,35.566693,139.5771075,49.8
2187246654,35.5667163,139.5766454,48.4
2187246658,35.5667069,139.5855319,38.5
2187246661,35.5667287,139.5780269,46.2
2187246669,35.5667248,139.5843584,37.5
2187246674,35.5668075,139.5748954,36.5
2187246677,35.5667912,139.5807984,37.8
2187246679,35.5667886,139.5850563,39.2
2187246691,35.5668332,139.5841865,38.3
2187246695,35.5668598,139.5774351,48.9
2187246705,35.5668534,139.5769753,51.1
2187246707,35.5668481,139.5822496,35.4
2187246718,35.5669118,139.5833226,35.4
2187246721,35.5669236,139.5813453,37.4
2187246723,35.5669508,139.5828134,34.7
2187246739,35.5670169,139.5864434,38.8
2187246742,35.5670311,139.5778084,47.9
2187246754,35.5670697,139.5844095,42.3
2187246760,35.5671143,139.5829518,36.2
2187246771,35.5671471,139.5853031,40.9
2187246779,35.5672278,139.5799436,43.1
2187246782,35.5672433,139.5841277,41.0
2187246824,35.5673597,139.5755216,39.6
2187246830,35.5673678,139.5846876,42.8
2187246832,35.5673557,139.5811591,37.4
2187246854,35.5675098,139.5826275,36.0
2187246863,35.5675392,139.5848519,42.9
2187246864,35.5675347,139.5800547,41.2
2187246866,35.5675793,139.5742873,45.4
2187246871,35.5676017,139.5756834,42.3
2187246875,35.5676257,139.5852297,42.5
2187246882,35.5676462,139.5776175,51.5
2187246884,35.5676449,139.578039,48.5
2187246898,35.5676665,139.5772621,51.3
2187246907,35.5676721,139.583436,40.5
2187246918,35.5677882,139.576507,48.9
2187246921,35.5677892,139.5796325,41.5
2187246924,35.5678299,139.583306,41.1
2187246937,35.5679267,139.5815437,38.6
2187246941,35.5679705,139.5839225,43.3
2187246944,35.5680038,139.5745117,48.7
2187246948,35.568016,139.5784421,47.2
2187246964,35.5680776,139.5743068,49.1
2187246969,35.5681208,139.5741867,49.1
2187246971,35.568138,139.5795773,44.6
2187246987,35.5682015,139.5804283,41.4
2187246989,35.5682325,139.5769289,52.6
2187247005,35.5683327,139.5813294,43.1
2187247008,35.5683491,139.577647,55.8
2187247015,35.5683512,139.576043,51.1
2187247023,35.5683949,139.5780512,55.0
2187247042,35.5684585,139.5795405,47.2
2187247044,35.5684627,139.5795902,46.8
2187247049,35.5684839,139.5799123,44.7
2187247054,35.5684999,139.584595,48.6
2187247066,35.5685841,139.5745751,53.3
2187247073,35.5686347,139.5769524,54.1
2187247078,35.5686226,139.5772853,55.3
2187247080,35.5686376,139.5788577,53.5
2187247083,35.5686838,139.5776622,56.7
2187247085,35.5687121,139.5833899,49.2
2187247087,35.5687345,139.5813878,46.7
2187247095,35.5687838,139.5762881,55.0
2187247099,35.5689267,139.5808436,51.7
2187247102,35.5688057,139.5803321,47.0
2187247110,35.5688626,139.5750052,55.7
2187247112,35.5687829,139.5795516,49.4
2187247114,35.5688918,139.574965,56.1
2187247116,35.5689147,139.5755313,59.7
2187247123,35.5689573,139.5788099,56.4
2187247132,35.5690368,139.5776834,53.6
2187247134,35.5690503,139.5813938,50.0
2187247140,35.5690697,139.5752408,63.1
2187247157,35.5691899,139.5787614,53.6
2187247159,35.5692178,139.5803435,53.6
2187247162,35.569303,139.5797973,54.0
2187247167,35.5695831,139.5798155,53.2
2187247169,35.5696243,139.578117,49.4
2187247175,35.5699201,139.5792022,48.2
2245132743,35.5535458,139.580634,39.0
2245132776,35.5583686,139.5765086,39.9
2245132845,35.5567164,139.5798494,42.2
2245132927,35.555375,139.5791886,36.6
2245132953,35.5610576,139.578748,37.3
2261866802,35.5574078,139.5873964,28.8
2261866811,35.5576548,139.5872575,30.4
2261866837,35.5580094,139.5870181,32.2
2261866860,35.5583584,139.5867826,33.7
2261866866,35.5584638,139.5840353,27.4
2261866868,35.5584818,139.5840028,27.7
2261866879,35.5586251,139.5840817,31.7
2261866883,35.5587106,139.5865312,36.1
2261866887,35.5588247,139.5867694,36.5
2261866891,35.558841,139.5853154,36.2
2261866894,35.5588754,139.5864119,37.3
2261866896,35.5588935,139.585308,36.1
2261866914,35.5591387,139.5862147,38.6
2261866927,35.5592502,139.5875949,38.3
2261866928,35.5592553,139.586455,38.8
2261866929,35.5592617,139.5877097,38.3
2261866935,35.5593005,139.5861063,37.3
2261866943,35.5593872,139.5860504,36.3
2261866951,35.5595704,139.5864022,36.8
2261866953,35.559606,139.5873664,39.6
2261866961,35.559702,139.587321,39.7
2261866969,35.5597802,139.5862559,35.4
2261866971,35.5597541,139.5857808,32.4
2261866973,35.5598544,139.5876564,39.4
2261866976,35.5598551,139.5877669,39.3
2261866979,35.5599135,139.5871662,38.4
2261866981,35.5598793,139.5870604,38.4
2261866984,35.5599772,139.5854819,32.1
2261866989,35.560027,139.5860839,33.8
2261866992,35.5600622,139.5874016,37.2
2261866999,35.5601377,139.586753,36.7
2261867008,35.5602735,139.5870862,35.0
2261867014,35.560361,139.5864933,35.3
2261867020,35.5604277,139.5864844,35.3
2261867028,35.5605865,139.5866949,31.8
2261867041,35.5608412,139.5877352,32.3
2261867046,35.5610332,139.587166,27.7
2261867052,35.5612281,139.5869054,27.3
2267231814,35.5648487,139.5678,49.9
2267231841,35.5660751,139.5730271,51.5
2267231871,35.5666543,139.5671876,37.9
2267231875,35.5667382,139.5672376,38.2
2267231889,35.5669211,139.572835,37.9
2267231896,35.5670501,139.5695959,44.3
2267231899,35.5670828,139.5721447,38.2
2267231900,35.5671435,139.5673508,43.1
2267231906,35.5672808,139.568885,51.3
2267231912,35.5673934,139.5687126,51.4
2267231915,35.5674987,139.5728985,41.8
2267231925,35.5676769,139.5679782,54.4
2267231936,35.5682196,139.5700066,64.0
2267231947,35.5683507,139.5685327,58.9
2267231956,35.568575,139.5697137,65.2
2267231984,35.5694321,139.5689313,63.6
2267231989,35.5694642,139.5704039,47.1
2267232000,35.5696147,139.5710408,44.5
2267232043,35.5699565,139.5706702,47.5
2267232080,35.5702405,139.5699238,58.6
2267232082,35.5702679,139.5690046,64.5
2267232092,35.5703894,139.5701927,55.3
2267232105,35.5705967,139.5699332,64.8
2267232120,35.5707825,139.5698436,68.7
2267294179,35.5636705,139.5740969,44.2
2267294195,35.564299,139.5732524,56.0
2267294203,35.5645525,139.5732418,58.4
2267294209,35.5646281,139.5732354,58.7
2267294215,35.5646721,139.5748332,48.0
2267294225,35.5648305,139.5716106,61.9
2267294241,35.5650051,139.576301,32.3
2267294248,35.5651398,139.576453,32.1
2267294253,35.5651715,139.5710258,54.1
2267294261,35.5653236,139.5726332,62.3
2267294265,35.5653656,139.5723671,62.3
2267294271,35.5655042,139.5740554,50.7
2267294272,35.5655797,139.5742859,48.3
2267294283,35.5658979,139.5752602,35.2
2267294286,35.5659614,139.5752335,35.3
2267294297,35.5663408,139.5706045,56.6
2267294305,35.5664144,139.5709685,53.2
2267294316,35.5665794,139.570551,57.8
2267294336,35.5671103,139.569516,44.1
2267294337,35.5672032,139.5700471,44.3
2267294338,35.5672651,139.571793,38.3
2267294339,35.5672698,139.5694663,44.5
2267294341,35.5672883,139.5695083,44.5
2267294342,35.5673419,139.5700184,44.7
2267294346,35.5674479,139.5699887,45.6
2267294355,35.5678021,139.570111,60.4
2267294362,35.5681205,139.5694246,57.2
2267294373,35.5710005,139.5716736,47.4
2267296171,35.5670846,139.5736998,38.3
2267296176,35.5676786,139.5740084,46.2
2267312392,35.5699144,139.567714,49.8
2267312397,35.5701139,139.5673606,46.7
2267373260,35.5559763,139.5660218,16.5
2267877232,35.5542377,139.5667647,16.5
2267877234,35.5543934,139.5673914,15.8
2267877235,35.5549036,139.566974,16.0
2268334585,35.553509,139.5665064,24.8
2268359400,35.5539294,139.569522,15.7
2268359407,35.5548659,139.5686292,15.6
2268359408,35.5548935,139.568648,15.6
2268359409,35.5552081,139.5684264,17.4
2268359415,35.5568259,139.5695712,24.5
2268359417,35.5573272,139.5685559,20.0
2268363053,35.5572583,139.5713368,35.9
2268363057,35.5582615,139.570523,39.9
2268363058,35.5584029,139.5700113,42.9
2268363060,35.5585615,139.5703175,41.8
2268370311,35.5546126,139.5703796,39.9
2268370313,35.5547175,139.5705423,39.3
2268370321,35.5547609,139.5720048,28.3
2268370325,35.5548081,139.5709879,36.2
2268370361,35.555041,139.571875,30.0
2268370369,35.5553315,139.5717881,26.9
2268370381,35.5564537,139.5739969,40.0
2268370385,35.5564629,139.5734469,40.5
2268370389,35.5564699,139.572985,39.9
2268370400,35.5567439,139.5739825,43.6
2268370402,35.5567778,139.573038,44.0
2268371096,35.5564903,139.5728967,39.6
2268371097,35.5566033,139.5729059,40.0
2268371105,35.5568916,139.5725029,41.7
2469038988,35.5627312,139.5704203,50.5
2469038990,35.5624789,139.5707565,50.8
2552572584,35.5593609,139.574068,41.9
2552572600,35.5587493,139.5733385,45.0
2552572602,35.5590624,139.5739277,44.6
2552572607,35.5579935,139.5804711,33.4
2552572609,35.5582959,139.5805909,31.7
2552572610,35.5575916,139.5802752,35.3
2555242407,35.5635343,139.5691318,49.2
2555242414,35.5625718,139.5702683,50.2
2555242487,35.5619819,139.5720873,47.7
2555365272,35.5627216,139.5700828,50.0
2555365273,35.5629676,139.5699005,50.0
2558452287,35.562199,139.5740376,50.0
2558496348,35.5631734,139.5708996,55.0
2558496350,35.5635741,139.571261,52.5
2558496353,35.5616955,139.5718013,46.9
2558588574,35.560911,139.5766037,48.4
2558588781,35.5614557,139.5756728,48.1
2558588796,35.5615092,139.5759066,48.0
2558588811,35.5615269,139.5758108,48.0
2561641399,35.5588808,139.5786143,36.1
2561641415,35.5592085,139.5787566,34.6
2561641453,35.5594952,139.5787955,25.6
2561641488,35.5595893,139.5782859,28.7
2564615216,35.5618205,139.5723379,47.1
2566516697,35.5578335,139.5781784,36.8
2572501767,35.5630066,139.5706829,56.1
2572501773,35.5631158,139.5707258,54.5
2574341570,35.5627817,139.5732172,51.6
2574341575,35.5625755,139.5736811,51.7
2574341576,35.5626297,139.5737036,51.7
2574372159,35.5615327,139.5789268,36.7
2574372170,35.560955,139.579311,38.8
2574372175,35.5608297,139.5795031,37.1
2574372177,35.5609205,139.5795792,40.1
2574372178,35.5608212,139.5795329,36.9
2575577290,35.5618249,139.5712387,49.7
2575577325,35.5622564,139.5716646,49.7
2575577451,35.5630669,139.5707993,54.8
2584838992,35.5626229,139.5700194,49.6
2587513203,35.5611623,139.5717336,47.4
2587513205,35.5611989,139.5718026,47.2
2587513207,35.561238,139.5718779,47.4
2587513209,35.5612657,139.5719285,47.5
2587513211,35.5612935,139.571938,47.7
2587513212,35.5613,139.5716219,47.7
2587513215,35.5613348,139.5716844,47.6
2587513216,35.5613459,139.571894,47.8
2587513217,35.5613747,139.571756,47.8
2587513219,35.5613993,139.5718505,48.0
2587513220,35.5614058,139.5718119,48.1
2587513237,35.5620126,139.5727156,46.8
2587513239,35.562044,139.5727438,46.9
2587513241,35.5620761,139.572776,47.0
2587513251,35.562353,139.5730194,48.3
2587513255,35.5623688,139.5729467,48.4
2587513257,35.5623867,139.572868,48.4
2587513258,35.5623873,139.5730504,48.4
2587513263,35.5624285,139.572854,48.4
2587513268,35.5624675,139.5728916,48.5
2587513269,35.5625016,139.5729246,48.4
2587513270,35.5625052,139.5727459,48.7
2587513272,35.562554,139.5728431,48.6
2587513273,35.5625575,139.569841,49.5
2587513276,35.5625782,139.5697669,49.3
2587513279,35.5625916,139.5698717,49.4
2587513280,35.5626409,139.569916,49.3
2587513281,35.5626719,139.5699438,49.4
2587513282,35.562832,139.5722363,49.9
2587513285,35.562901,139.572336,49.7
2587513288,35.5629302,139.5722871,50.1
2587513290,35.5629601,139.5722408,50.4
2587513304,35.5634971,139.571196,52.5
2587567925,35.5608143,139.5733277,41.9
2587567955,35.5619441,139.5739772,49.2
2587567958,35.5620978,139.5740292,49.9
2587567960,35.5633268,139.5689318,47.9
2587567963,35.5643009,139.5699529,50.4
2587567965,35.5643193,139.569888,50.2
2587567967,35.5643228,139.5699726,50.4
2587567969,35.5643631,139.569857,50.1
2587567971,35.5643781,139.5700221,50.3
2587567973,35.5643826,139.5698762,50.2
2587567974,35.5644202,139.569979,50.2
2587567976,35.5644359,139.5699287,50.2
2588145125,35.561621,139.5771679,43.4
2588145130,35.5617448,139.5765369,45.3
2588145131,35.5617944,139.576328,46.1
2588145134,35.5618642,139.5760396,47.0
2588145136,35.5618881,139.5759451,47.5
2588145166,35.562178,139.5755379,49.0
2588145178,35.5624229,139.5754117,48.4
2588145184,35.5624557,139.575452,48.4
2588145189,35.5624742,139.575376,48.1
2588145198,35.5625177,139.5753704,47.9
2591041246,35.5605726,139.5791455,38.4
2591041248,35.5606029,139.5789252,38.3
2591041250,35.5606201,139.5787934,38.3
2591041253,35.5606651,139.5791625,38.4
2591041259,35.560676,139.5789375,38.3
2591757151,35.5599156,139.570206,48.5
2592759141,35.560814,139.5724877,40.8
2592759156,35.5608351,139.5724481,40.7
2592759184,35.5608833,139.5725799,41.6
2592759336,35.5610711,139.5726227,42.9
2592759339,35.5610727,139.5725709,42.6
2592759360,35.5611012,139.57255,42.7
2592759377,35.5611334,139.5726327,43.2
2592759427,35.5613065,139.5721504,43.2
2592759436,35.5613164,139.5721958,43.2
2592759483,35.5614708,139.5721674,47.9
2598709650,35.5633625,139.5743903,45.7
2598709682,35.5691453,139.5739715,59.1
2598709700,35.5705367,139.5832196,37.2
2598709705,35.5707185,139.573905,66.9
2598709711,35.5710634,139.5741699,64.5
2616953961,35.5614827,139.5730661,44.3
2616953964,35.5616069,139.5741215,52.4
2616953970,35.561729,139.5732698,44.9
2616953991,35.5633743,139.56992,50.0
2626054985,35.5602031,139.5679781,37.7
2626054988,35.5607445,139.5684805,44.1
2626054993,35.5610771,139.5678128,42.6
2626055004,35.5617928,139.5695392,50.8
2626055007,35.562164,139.5698728,51.2
2626055010,35.5622346,139.5702422,50.6
2626055012,35.5623148,139.5700829,55.3
2626055013,35.5623386,139.5700473,55.3
2626055014,35.5623856,139.5695354,49.4
2636411690,35.5599126,139.5778712,25.4
2636411744,35.5618304,139.5739705,52.4
2636411756,35.5629755,139.5775239,42.1
2636411763,35.5632976,139.5778037,41.5
2636411764,35.5632118,139.5781411,41.2
2636411765,35.5633261,139.5778134,41.5
2636411766,35.5633474,139.5686501,47.7
2636411768,35.5634351,139.5686816,47.8
2636411770,35.5635545,139.5686303,47.9
2636411771,35.5635811,139.568526,47.6
2636411794,35.5646916,139.5687274,48.6
2636411795,35.5646968,139.5688011,48.8
2637060664,35.5532811,139.5835336,36.1
2637060665,35.5533515,139.5857157,29.1
2637060666,35.5534735,139.5836572,36.0
2637060681,35.5536136,139.5777777,28.0
2637060755,35.5547365,139.5770475,27.9
2637060769,35.5559733,139.5794868,37.5
2637060772,35.55614,139.5795651,38.0
2637060775,35.5562439,139.579623,38.5
2637060777,35.5562731,139.5796335,38.7
2637060790,35.5593479,139.5740964,42.0
2637060815,35.5666832,139.5664161,33.2
2637060829,35.5675834,139.5760025,44.0
2637979826,35.5620395,139.5801436,33.1
2639302690,35.5551023,139.5787154,35.9
2639302693,35.5554009,139.57879,36.5
2639302694,35.5554259,139.5790362,36.5
2639302696,35.5554948,139.5788377,36.3
2639302703,35.5562915,139.5796417,38.5
2639302705,35.5564102,139.5800277,37.9
2639302710,35.5565914,139.5798535,40.2
2639302714,35.5565951,139.5797908,40.2
2639302720,35.5567017,139.5798846,40.7
2639302795,35.5615034,139.5678911,49.8
2639302807,35.5621099,139.5683952,50.1
2639302817,35.5625781,139.5673322,42.4
2639302822,35.5628891,139.5676451,43.9
2643543049,35.5549539,139.5766519,29.3
2643543050,35.5549909,139.5763633,35.1
2643543079,35.5624277,139.5781437,40.3
2643543081,35.5629455,139.5778301,42.1
2857742914,35.5614793,139.5758525,47.9
3034938010,35.5617366,139.5703091,65.2
3034938068,35.5620385,139.5705884,51.1
3084725044,35.5546802,139.5759849,31.2
3444285112,35.5702574,139.5690886,64.2
3444285116,35.570427,139.5695091,66.6
3730509318,35.5639494,139.5822843,32.0
3730509319,35.5635034,139.5822077,35.0
3730509321,35.5639282,139.5822207,29.7
3730545045,35.5615509,139.5830415,37.0
3730545047,35.5614203,139.5832094,36.8
3730545050,35.5603859,139.582199,34.1
3730545051,35.5605855,139.5819163,33.2
3730545056,35.5612102,139.5834797,37.0
3730545061,35.5636807,139.582496,29.5
3730545063,35.5636473,139.5826455,29.2
3730550104,35.563459,139.5824809,33.9
3730600394,35.5636689,139.5822361,35.0
3731552689,35.5599303,139.5814549,31.2
3731572075,35.5650294,139.5850059,28.8
3731572076,35.5640377,139.5857503,32.8
3731572078,35.5631443,139.5850834,31.6
3731572079,35.5629942,139.5850631,33.1
3731644107,35.5623747,139.5809112,34.0
3731644108,35.5627911,139.5809919,34.2
3731644109,35.562361,139.5810389,34.7
3731644110,35.5627761,139.5811204,34.7
3731644111,35.5623489,139.5811515,35.4
3731644112,35.5627624,139.5812386,35.3
3731644113,35.5628115,139.5808276,33.6
3731644114,35.5630191,139.5808709,34.2
3732558535,35.5588645,139.5811567,25.3
3732558536,35.5587571,139.581066,24.9
3732566499,35.5549798,139.5860814,18.3
3732566500,35.5548664,139.5860746,18.3
3732569002,35.5586081,139.5828118,22.8
3732569009,35.554428,139.5865888,18.3
3732569012,35.5544552,139.5870655,18.3
3800772433,35.5645157,139.580998,34.5
3800772438,35.5650088,139.5814318,37.1
3800772439,35.5656904,139.5824972,36.9
3800772440,35.5658693,139.583304,35.6
3800772443,35.5659218,139.5840135,31.0
3803463102,35.570087,139.5866845,32.6
3803463104,35.5691949,139.5868219,38.7
3803463105,35.5694023,139.5869286,37.0
3803463106,35.5695445,139.5829622,43.9
3803463107,35.5693208,139.5841243,46.0
3803654338,35.5642722,139.5840089,28.2
3803654352,35.5648459,139.5847658,28.6
3803655172,35.5610194,139.5840418,38.2
3878191510,35.5650089,139.5866919,33.5
3926735719,35.5549807,139.5687357,15.8
3926735720,35.5547822,139.5690385,17.8
3926735721,35.557008,139.5702149,29.7
4014856766,35.5662169,139.5815007,35.5
4019720125,35.5545887,139.5872071,18.3
4019720131,35.5551792,139.5869824,18.4
4019720180,35.5711298,139.5868946,29.3
4019720181,35.5709843,139.5875198,28.2
4019955910,35.5642657,139.5791443,29.2
4020938297,35.5696466,139.5798589,52.9
4020938298,35.5695653,139.5801636,53.7
4020938299,35.5696245,139.5801956,53.7
4020938300,35.5694899,139.5801384,53.9
4020938301,35.5688849,139.5805465,49.1
4020938303,35.5687687,139.5799225,49.9
4020938304,35.5689506,139.5800404,50.1
4020938305,35.5674498,139.578068,48.7
4020938306,35.5676453,139.5780654,48.3
4020938309,35.5678262,139.5711991,39.6
4020938310,35.5678758,139.5715222,40.9
4020938312,35.5620142,139.5688008,50.0
4020938313,35.5618678,139.5686583,50.0
4020938315,35.5615868,139.568404,50.0
4020938318,35.5612979,139.5681412,50.0
4020938319,35.5618105,139.5681155,49.9
4020938321,35.5620688,139.5683558,50.1
4020938322,35.5622584,139.5684474,50.1
4020938323,35.5622003,139.5685316,50.0
4070586693,35.5710119,139.5680432,58.5
4070586694,35.5709345,139.5681105,57.9
4070880024,35.5642051,139.580415,30.9
4070880025,35.5641721,139.5803213,30.7
4070880041,35.5658717,139.582225,34.9
4070880043,35.5659481,139.5821382,35.0
4070880045,35.5621106,139.5799951,33.0
4070880047,35.5639151,139.5803135,30.5
4070880048,35.5639653,139.5802749,30.6
4070880057,35.5637088,139.5780039,38.5
4070880062,35.5641891,139.5786543,29.9
4070941003,35.56419,139.5805664,30.8
4070941004,35.5641312,139.580643,30.8
4070941012,35.5637373,139.5836286,28.0
4070941028,35.5637201,139.5837729,27.9
4070941032,35.5636266,139.5847793,27.1
4070941289,35.5636277,139.5851819,29.6
4070941292,35.5633752,139.5848117,26.9
4070941295,35.5630997,139.5851055,32.8
4070941298,35.564551,139.5867442,33.9
4070941319,35.5627009,139.5849568,34.0
4070941321,35.5617284,139.5846709,36.4
4070941324,35.5620323,139.5799606,33.1
4070941325,35.5620112,139.5799778,33.2
4070941346,35.5571744,139.5778439,36.9
4070941347,35.5571613,139.5777652,36.9
4070941348,35.5576303,139.5762358,38.2
4070941358,35.56104,139.5799265,34.7
4070941367,35.5590343,139.5789983,35.8
4070941376,35.5571018,139.5780688,36.9
4070941377,35.5570446,139.5781203,36.7
4070941382,35.5571704,139.578365,39.7
4070941383,35.5565365,139.5797618,39.1
4070941388,35.5567149,139.5791384,37.7
4070941395,35.5561391,139.5807104,36.8
4070941396,35.5563299,139.580833,37.7
4070941397,35.558332,139.576586,39.8
4070941401,35.55821,139.5746393,39.7
4070941402,35.5579197,139.5763802,38.9
4070941403,35.5579631,139.5762236,41.8
4070941405,35.5577058,139.5760101,38.8
4070941412,35.562022,139.5783797,38.8
4070941418,35.5621468,139.5789954,36.2
4070941420,35.5615387,139.5788882,36.8
4070941422,35.5612597,139.5788133,37.2
4070941425,35.5621006,139.5799651,33.1
4070941428,35.5620762,139.5802139,33.0
4070941429,35.5620969,139.5802018,33.0
4070941437,35.5638899,139.5805712,30.7
4070941438,35.5639254,139.5806242,30.7
4070941447,35.5635623,139.5835995,28.0
4070941448,35.5635419,139.5836257,28.0
4070941471,35.565061,139.5769508,31.5
4070941472,35.5651082,139.5769619,31.7
4070941477,35.5667314,139.5749314,36.2
4070948069,35.5659504,139.5779314,38.8
4070948076,35.5681531,139.5742593,49.2
4070948082,35.5676438,139.5728674,42.3
4070953790,35.5669952,139.5684657,41.9
4070953795,35.5667992,139.5685086,41.8
4070953796,35.566749,139.5684729,41.5
4070953799,35.5648849,139.5688311,48.7
4070953800,35.5648487,139.5688798,48.7
4070953801,35.5648704,139.56921,48.8
4070953802,35.5648617,139.5686515,48.5
4070953803,35.5656449,139.5684897,46.4
4070953805,35.5667224,139.5682702,41.3
4070953806,35.5667548,139.5681991,41.2
4070953845,35.5676395,139.5729746,42.2
4070953846,35.5676151,139.5729899,42.1
4070953856,35.5671112,139.5751898,37.5
4070996673,35.5664716,139.5663697,32.6
4070996674,35.5665063,139.5665794,34.0
4070996679,35.5666684,139.5665384,34.0
4070996680,35.5666954,139.5664823,33.4
4070996685,35.5679169,139.5664283,34.5
4497868618,35.5599167,139.5801169,47.5
4497868620,35.5600363,139.5799858,48.1
4699680469,35.5641001,139.5809034,30.9
5128327639,35.5599698,139.5807098,47.0
5128327644,35.5604822,139.5807392,43.9
5128328258,35.5587889,139.5800845,25.2
5128328267,35.5595393,139.5807014,46.7
5128328268,35.5596376,139.5806199,47.7
5128328269,35.5597333,139.5805806,47.9
5128328271,35.5597943,139.5804318,48.5
5128328273,35.5598774,139.5804175,48.4
5228128309,35.5599078,139.5809797,38.9
5228128313,35.5598266,139.5806225,47.7
5228128319,35.5594684,139.579975,37.3
5228128324,35.55891,139.5798517,25.3
5228128328,35.559495,139.5804328,47.5
5228128336,35.5599952,139.5798802,46.5
5228128337,35.559626,139.5804556,47.8
5228128339,35.5593821,139.5795489,25.9
5228128344,35.5602273,139.57974,44.7
5228128346,35.5604377,139.5796713,35.2
5228128349,35.5607592,139.5805045,41.1
5228128350,35.5608196,139.5801962,39.8
5228128351,35.5610125,139.5799156,34.7
5228128355,35.5609854,139.5803312,38.9
5240301095,35.560453,139.5720145,40.5
5240301113,35.559642,139.5718212,46.7
5240301941,35.5604111,139.5717142,40.7
5240301944,35.560094,139.5715511,46.3
5240301945,35.5603886,139.5711544,47.3
5240301947,35.5603029,139.5713266,42.9
5240301957,35.5598275,139.5706843,47.4
5240301958,35.5597826,139.5703164,48.6
5240301962,35.559822,139.5708167,47.2
5241082711,35.5549385,139.5696984,20.9
5406585777,35.5597454,139.5684987,43.2
5406585778,35.5574209,139.569245,26.4
5406585781,35.5580163,139.5684818,24.2
5406585782,35.5576202,139.5681089,19.7
5406585785,35.5589752,139.5688356,35.6
5406585787,35.559083,139.5693536,42.9
5406585789,35.5595068,139.5693162,48.7
5406585793,35.5596672,139.5683308,41.2
5406585795,35.5592428,139.571179,46.4
5406585797,35.5589038,139.5702987,51.7
5406585804,35.5597422,139.577824,26.0
5406585811,35.5600267,139.5737624,40.8
5406585818,35.559797,139.5750523,36.9
5466265990,35.5559233,139.577542,34.2
5587339789,35.5549857,139.5748095,30.6
5587339790,35.5548575,139.5738563,28.3
6027198639,35.5629796,139.5779189,42.1
6394408457,35.5550369,139.5668556,16.1
6394408458,35.5549144,139.5663931,17.4
6394961579,35.5663775,139.5878395,42.8
6394962485,35.5640977,139.5858665,32.9
6394962487,35.5646506,139.5869462,34.6
6394962503,35.5657803,139.5763183,33.9
6397662166,35.5539973,139.5864338,25.8
6397663285,35.5543726,139.5874049,18.3
6405281334,35.5573261,139.5866351,34.8
6405281335,35.5576174,139.5872533,30.4
6405281336,35.5567457,139.5864353,36.6
6405281339,35.5575181,139.5859914,34.7
6405281341,35.5568721,139.5878396,27.9
6407306856,35.5592027,139.5862488,38.5
6407306857,35.5592376,139.5861027,37.7
6407306885,35.5553423,139.5872352,19.2
6407480791,35.5679008,139.5686991,46.3
6407480800,35.5673336,139.5689526,50.9
6407480804,35.5676379,139.5683987,52.8
6407480809,35.5679205,139.5682552,54.0
6407480811,35.5664231,139.5745481,36.8
6407480816,35.5656993,139.5737579,51.5
6410720144,35.5707331,139.5874486,29.3
6437962852,35.5605463,139.5692454,49.3
6437962853,35.5605282,139.5714229,46.9
6437962859,35.5607818,139.5697554,51.9
6437962861,35.5608164,139.5710964,50.7
6437962863,35.5617454,139.5711445,49.4
6437962865,35.561704,139.5709976,50.4
6437962868,35.5615839,139.5706158,58.1
6437962870,35.5616633,139.5699366,64.9
6437962872,35.5612221,139.5689873,51.1
6437962876,35.5609,139.5712043,50.0
6437962884,35.5613095,139.5704563,55.7
6437963385,35.5610912,139.5705773,54.7
6437963387,35.5615653,139.5713015,48.9
6437963388,35.5611638,139.5705176,55.5
6437963389,35.5611451,139.5698396,55.9
6437963395,35.5612346,139.5709051,52.0
6437963396,35.5637053,139.5662972,43.1
6437963398,35.565109,139.5663725,42.1
6437963399,35.5650218,139.5663187,41.8
6437963400,35.5653867,139.5665567,43.5
6437963403,35.5658007,139.5676746,45.7
6437963404,35.5659341,139.5676515,45.5
6438635360,35.5607837,139.5695199,51.2
6438955492,35.5658077,139.5659141,40.0
6447147517,35.5615523,139.5693072,51.1
6447147521,35.561369,139.5698521,56.6
6447147522,35.5613062,139.5702441,56.9
6447147525,35.5615136,139.5706791,53.1
6447147526,35.5610899,139.5706038,54.6
6447147539,35.561019,139.5710602,50.6
6447147541,35.5609589,139.5695858,52.8
6447147543,35.5608744,139.5695164,51.8
6447147548,35.5611749,139.5690591,51.1
6447147554,35.5614782,139.5692354,51.1
6447147555,35.5611615,139.5692359,53.2
6447147556,35.5610839,139.5691976,51.9
6447147557,35.5611371,139.569278,53.0
6447147566,35.5616868,139.5711184,49.6
6447147569,35.5617043,139.5710921,49.8
6447147573,35.5609544,139.568728,50.0
6447147574,35.5605832,139.5713814,47.1
6447147575,35.560594,139.5692951,49.4
6447149320,35.560944,139.5705783,55.8
6447149321,35.5608078,139.5711663,50.0
6447149322,35.5605036,139.5705438,50.3
6447149326,35.5602047,139.5706481,48.2
6447149327,35.5602283,139.5698706,49.1
6447149331,35.5605102,139.5700125,50.9
6447149347,35.566047,139.5684522,43.6
6447149348,35.5655346,139.5677221,46.0
6447149349,35.5651666,139.5677428,47.6
6447149351,35.5644156,139.5676319,50.8
6447149352,35.5645164,139.5674833,50.1
6447149353,35.5654945,139.5677242,46.2
6447149358,35.5652201,139.5681477,47.7
6447149360,35.5652421,139.568524,48.1
6447149361,35.5651964,139.5671627,49.0
6447149362,35.5650147,139.5674246,49.1
6447149363,35.5652994,139.567264,48.5
6447149364,35.5651237,139.5675387,48.6
6447149365,35.5654187,139.5673814,47.6
6447149366,35.5653229,139.5675214,47.2
6447149367,35.5654893,139.5681001,46.9
6447149368,35.5653121,139.5678909,47.4
6447149369,35.5653906,139.5684977,47.7
6447149370,35.5653425,139.568126,47.4
6447149371,35.5654543,139.5678386,46.9
6447149372,35.5655115,139.5682666,46.9
6447149373,35.5660398,139.5684013,43.8
6447149376,35.5657306,139.5671708,45.4
6447149379,35.5664477,139.5675802,43.7
6447149381,35.5665578,139.5681485,43.9
6447149383,35.5659817,139.5666013,43.6
6447149385,35.566192,139.5670891,44.0
6447149386,35.5658643,139.5667186,44.1
6447149388,35.5660918,139.567499,44.4
6447149389,35.5658166,139.5669306,44.9
6447149391,35.5659413,139.5675441,45.1
6447149392,35.5658889,139.5671428,45.1
6447149393,35.5660411,139.5671158,44.4
6447149394,35.5661468,139.567702,45.1
6447149396,35.565879,139.5680358,45.0
6447149397,35.5661688,139.5682839,45.0
6447149398,35.566126,139.5679913,45.0
6447149399,35.5658386,139.5677426,45.4
6447149401,35.5658973,139.5683651,45.5
6447785657,35.5603519,139.5717219,40.7
6447785885,35.5591423,139.5712325,46.3
6447785886,35.5590878,139.5708311,48.2
6447785889,35.5585527,139.5701953,42.3
6447785890,35.5593512,139.5711739,46.4
6447785891,35.5597928,139.5683189,42.2
6447785903,35.5658706,139.5659319,40.0
6447785904,35.5651699,139.5663974,42.4
6447785928,35.5665315,139.5675643,43.8
6447935512,35.5599058,139.5723951,42.5
6447935513,35.5600334,139.5727177,43.4
6449408236,35.5620481,139.569106,49.7
6449408242,35.5620282,139.5689609,49.8
6449408251,35.5626224,139.5683035,49.7
6449408276,35.56388,139.5715911,58.5
6449418989,35.5634896,139.5687061,47.9
6449418991,35.5635464,139.5686881,48.0
6449418995,35.5646978,139.5688533,48.8
6449418996,35.5647353,139.568886,48.7
6450201146,35.5624454,139.5681906,50.1
6452126443,35.5556286,139.5753011,36.5
6452126444,35.5555023,139.5755143,36.2
6452126445,35.5555437,139.5755502,36.2
6452126453,35.555079,139.5763398,35.2
6452126455,35.5549749,139.5762724,35.1
6452126471,35.5554536,139.5754765,36.1
6452247805,35.5554865,139.5770594,30.4
6452247820,35.555478,139.5747583,32.6
6452247824,35.5550687,139.5752999,36.5
6452247825,35.5554764,139.5756645,36.2
6452247826,35.5548275,139.5754491,30.5
6452247829,35.5549564,139.5742734,34.8
6452247830,35.5550037,139.5745003,35.6
6452247831,35.5548366,139.5745437,30.4
6452247835,35.5550907,139.5749183,36.5
6452247838,35.5553649,139.5745653,31.6
6452247841,35.5554548,139.5744101,31.3
6452247842,35.5559462,139.5739916,36.0
6452247854,35.5557444,139.5749517,36.3
6452247877,35.5555711,139.5753982,36.5
6452247878,35.5560359,139.5753028,43.8
6452247882,35.5563973,139.5739946,39.9
6452247883,35.5544747,139.5738785,25.5
6452247884,35.5543584,139.574042,23.8
6452250088,35.5548585,139.5739058,28.4
6452250094,35.5568108,139.5757258,44.2
6452250095,35.5557348,139.5739767,33.8
6452250096,35.5554718,139.5746657,32.0
6452310341,35.5642205,139.5719035,59.7
6452310342,35.5640334,139.5721712,58.4
6452310350,35.5608969,139.5688186,50.0
6452310359,35.5636396,139.5673935,51.6
6452310368,35.5631437,139.56751,44.2
6452310369,35.5630534,139.5674109,44.2
6452310902,35.5629615,139.5677235,43.9
6452310920,35.5639384,139.5679788,63.0
6452310936,35.5643709,139.5679642,51.4
6452310945,35.5642108,139.5671884,48.7
6452310955,35.5637679,139.5669551,45.2
6452310958,35.5641683,139.567292,49.0
6452310967,35.5642448,139.5677943,51.2
6452310968,35.5659356,139.5665158,43.6
6452310969,35.5656271,139.5668529,43.9
6452330415,35.5582759,139.5701091,41.6
6452330432,35.5583117,139.5695183,55.2
6452330441,35.5594911,139.5696063,49.1
6452330476,35.5574324,139.5693165,28.0
6452330481,35.5576455,139.5700361,30.1
6452362832,35.5536249,139.5802831,36.0
6475841838,35.5665837,139.5671973,37.9
6475841840,35.566629,139.5677237,40.1
6475841844,35.5665783,139.5673732,38.8
6534663632,35.5620943,139.5666476,44.9
6534663634,35.5625115,139.5661246,45.0
6534663635,35.5623997,139.5660261,40.8
6534663640,35.5628658,139.5664267,45.0
6534663641,35.563066,139.566628,44.0
6957360458,35.5628805,139.5751601,46.4
6957360460,35.5634465,139.5760369,41.6
6957360461,35.5635155,139.5759984,41.6
6957360462,35.5631611,139.5750554,46.2
6957360463,35.563272,139.5755581,44.7
6957360464,35.5625115,139.5754768,48.1
7049409583,35.5683068,139.5763745,51.7
7049432086,35.5682615,139.5767125,52.3
7099828383,35.5607614,139.5729489,41.4
7099851900,35.5597494,139.5744674,38.9
7099851918,35.5596377,139.5755671,36.3
7099851923,35.5593461,139.5764176,32.7
7099851928,35.5600066,139.5743342,38.6
7099851929,35.5603314,139.5733637,40.6
7099851930,35.5603952,139.5736683,39.7
7099851934,35.5604549,139.5735762,39.9
7099851935,35.5605412,139.5736911,40.6
7099851936,35.5596518,139.574407,39.0
7099851941,35.5597837,139.577815,25.9
7099851945,35.5597773,139.5781716,25.6
7099851946,35.5592552,139.5793261,25.5
7099851948,35.5589021,139.5797349,25.3
7099851961,35.5581675,139.5830792,22.2
7099851964,35.5577984,139.5833146,21.9
7099851971,35.5566147,139.5839539,20.4
7099851976,35.5561973,139.5841489,19.9
7099851982,35.5557644,139.5845533,19.4
7099851983,35.5549286,139.5857516,18.7
7099851992,35.5597061,139.5784753,25.5
7099851993,35.5596548,139.5784425,25.5
7099851994,35.5595858,139.578742,25.5
7099851995,35.5595328,139.5787124,25.5
7099851996,35.5595059,139.578931,25.4
7099851997,35.5594496,139.5788963,25.5
7099852004,35.5589536,139.5797892,25.4
7099852005,35.5587092,139.5802329,25.2
7099852006,35.5586339,139.5801985,25.1
7099852007,35.5586513,139.5810672,25.0
7099852009,35.5587208,139.5824912,23.1
7099852010,35.5586415,139.5824568,23.0
7099852011,35.5586765,139.5826384,23.0
7099852012,35.5585894,139.5825967,22.8
7099852013,35.5582135,139.5831474,22.1
7099852014,35.5580516,139.5832871,22.1
7099852015,35.5578225,139.5833838,21.9
7099852016,35.5571945,139.5836451,21.1
7099852017,35.5572253,139.5837405,21.1
7099852019,35.5569127,139.5838933,20.8
7099852025,35.5558083,139.5845938,19.4
7099852026,35.5553088,139.5852065,18.9
7099852039,35.5596275,139.575185,37.5
7099852040,35.5586233,139.580225,25.1
7099852043,35.5592159,139.5767294,33.0
7099852047,35.5595041,139.5769294,30.6
7099852048,35.5590956,139.576789,36.3
7099852050,35.5586449,139.580993,24.9
7099852052,35.5583863,139.5807132,31.2
7099852057,35.5590085,139.5791365,34.9
7099852066,35.5586154,139.5825267,22.9
7099852067,35.5584773,139.5827869,22.7
7099852073,35.5577595,139.5829738,28.9
7099852074,35.5572502,139.5831906,29.1
7099852077,35.5570259,139.5832976,29.9
7099852080,35.5561996,139.5837631,30.1
7099852082,35.5559773,139.5836995,31.5
7099852083,35.5560308,139.5837254,31.5
7099852085,35.5587631,139.5811913,24.8
7099852086,35.555504,139.5853645,24.6
7099852090,35.5551224,139.5859459,18.9
7099852091,35.5552241,139.5861791,19.6
7099852096,35.5553578,139.586737,19.4
7099852097,35.5553918,139.5870352,19.0
7099852102,35.5549897,139.5859473,18.2
7099852153,35.5589392,139.5784608,36.4
7099852154,35.5588694,139.57853,36.4
7099852155,35.5587951,139.5784405,36.4
7099852156,35.5588723,139.5786513,36.1
7101986067,35.5598089,139.5709264,45.3
7125325619,35.5539612,139.5847544,32.9
7366584599,35.5672517,139.5664526,33.1
7366584600,35.5672523,139.5664878,33.4
7366584618,35.5666294,139.5663355,32.6
7366584619,35.5666741,139.5663663,33.0
7366584689,35.566595,139.5671445,37.5
7366584691,35.5679581,139.566426,34.6
7366584692,35.5665895,139.5663441,32.7
7366584693,35.5665143,139.5663605,32.7
7366584694,35.5665498,139.5665684,34.1
7366584695,35.5666254,139.5665493,34.0
7366584697,35.5670933,139.5663449,32.7
7366584698,35.5667788,139.5672388,38.3
7366844986,35.5691387,139.5732487,56.3
7366844987,35.5690798,139.5733279,56.3
7366845048,35.5650413,139.5769807,31.6
7366845049,35.5650501,139.5771169,31.4
7366845050,35.5651065,139.5771763,31.3
7366845051,35.5652104,139.577176,31.2
7366845054,35.5651873,139.5770692,31.5
7366845055,35.5651357,139.5770036,31.6
7366845056,35.5651436,139.5772169,31.3
7366845057,35.5651819,139.5772157,31.2
7366845058,35.5650073,139.5770262,31.8
7366845059,35.5650032,139.5770755,31.7
7366851992,35.5659323,139.5780392,39.0
7366851993,35.5659567,139.5780553,39.1
7366851996,35.5660345,139.5780227,39.3
7366851999,35.5658091,139.5783096,40.6
7366852000,35.5655811,139.5789503,43.7
7366852001,35.5659241,139.5780127,38.9
7366852002,35.5659389,139.5779661,38.8
7366852003,35.5660053,139.5779409,39.1
7366852004,35.5655357,139.5776214,34.8
7366852005,35.5656097,139.5775145,35.0
7366852025,35.5646405,139.5767878,31.6
7366852026,35.5646036,139.5767878,31.6
7366852027,35.5668937,139.5749991,36.8
7366852028,35.5667555,139.5749596,36.2
7366852029,35.5668142,139.5750283,36.5
7366852030,35.5669354,139.5749514,37.0
7366852033,35.5668378,139.5748434,36.6
7366852034,35.5668973,139.5749082,36.8
7366852036,35.5667769,139.5748618,36.3
7366852038,35.567623,139.5756197,42.3
7366852165,35.5646886,139.5686925,48.5
7366852167,35.5647917,139.5686569,48.4
7366852168,35.5648643,139.5686959,48.5
7366852169,35.5648746,139.5687749,48.6
7366852170,35.5647897,139.568881,48.8
7366852173,35.568294,139.5662945,35.4
7366852174,35.5659856,139.5680166,45.0
7366852175,35.5671622,139.5694998,44.0
7366852176,35.5672497,139.5700375,44.4
7366852177,35.5683079,139.5730363,47.2
7366852178,35.5678493,139.572983,42.5
7366852198,35.5675734,139.5728371,42.3
7366852199,35.5674991,139.5728358,41.9
7366852205,35.5674938,139.5729818,41.6
7366852206,35.5675656,139.5729865,41.9
7366852207,35.5676419,139.5729141,42.2
7366852208,35.5676203,139.5728351,42.4
7366852209,35.5670071,139.5695884,44.2
7366852210,35.5667275,139.5683089,41.4
7366852211,35.5667411,139.5684122,41.4
7366852212,35.5669387,139.5684752,41.8
7366852213,35.5668458,139.5684974,41.8
7366852214,35.5669543,139.568164,41.3
7366852215,35.5668901,139.5681755,41.2
7366852216,35.5667944,139.5681931,41.1
7368658439,35.5629629,139.577522,42.0
7368658440,35.5627844,139.5770166,42.6
7368658441,35.5629328,139.5773821,42.1
7368658444,35.5630315,139.5773935,40.8
7368658453,35.5633855,139.5775223,40.8
7368658454,35.5615188,139.5758669,47.9
7368658455,35.5628141,139.5679607,44.7
7368658457,35.5635893,139.5684937,47.5
7368658458,35.5633684,139.5683863,46.8
7368658461,35.5623012,139.5676518,42.1
7368658462,35.5623132,139.5676355,42.1
7368658463,35.5623651,139.5675651,42.0
7368658467,35.5624341,139.5675407,42.2
7368658469,35.5624675,139.5676289,42.5
7368658470,35.5624538,139.5676503,42.6
7368658471,35.5624051,139.5677266,42.6
7368658472,35.5623916,139.5677478,42.5
7368658473,35.5609297,139.5687041,49.9
7368658483,35.562095,139.5691743,49.7
7368660596,35.5627392,139.5681169,45.0
7368660598,35.5632971,139.5686321,47.6
7368660608,35.5599008,139.577784,25.6
7368660612,35.5597862,139.5755892,36.2
7368660615,35.5601613,139.5745705,37.9
7368660618,35.5605451,139.5737677,40.4
7368660623,35.5640677,139.5728502,56.0
7368660625,35.564282,139.5725312,57.9
7368660627,35.564484,139.5722168,59.7
7368660636,35.5646123,139.5707674,56.5
7368660640,35.565165,139.5706125,54.6
7368660643,35.5650945,139.5701373,52.9
7368660647,35.5649542,139.5697976,50.6
7368660650,35.5650347,139.5701488,52.8
7368660658,35.564039,139.5713444,59.9
7368660663,35.5644269,139.5721642,59.7
7368660664,35.5642903,139.5723823,58.5
7368660671,35.5616476,139.5749262,51.8
7368660673,35.5619742,139.5746969,52.1
7368660676,35.5619791,139.5780522,40.0
7368660680,35.5620856,139.578344,38.9
7368660681,35.5617879,139.5777885,41.3
7368660682,35.5616264,139.5773882,42.7
7368660684,35.5617925,139.5775664,41.9
7368660689,35.5617293,139.5768531,44.3
7368660692,35.5618981,139.5761803,46.6
7368660696,35.5617511,139.5740566,52.2
7368660708,35.561189,139.5683213,50.3
7368660709,35.5623886,139.5694628,49.4
7368660717,35.5626115,139.569715,49.1
7368660723,35.5626693,139.5696701,48.9
7368660724,35.5627752,139.5697839,49.1
7368660725,35.562595,139.5697408,49.2
7368660726,35.5626969,139.5696997,48.9
7368660727,35.5627439,139.5697502,49.0
7368660729,35.5623705,139.5695584,49.4
7368660730,35.561164,139.5719353,47.0
7368660732,35.5620339,139.5714513,49.4
7368660734,35.5622454,139.5710193,50.7
7368660736,35.5627329,139.5703612,50.3
7368660737,35.5627934,139.5702617,50.1
7368660740,35.5635219,139.5728204,53.0
7368660742,35.5632288,139.572526,51.3
7368660743,35.563806,139.5731979,54.4
7368660745,35.5634863,139.5728752,53.0
7368660747,35.5631855,139.5725922,51.3
7368660750,35.5646832,139.5695812,49.3
7368660751,35.5646575,139.5696245,49.2
7369027660,35.5646169,139.5768739,31.6
7369027661,35.5649255,139.5768016,31.4
7369027662,35.5637525,139.5768493,36.7
7369027663,35.5610072,139.5754882,48.9
7369027664,35.5636319,139.5765348,38.5
7369027665,35.5641763,139.5768642,33.8
7369027666,35.5641849,139.5767806,33.8
7369027671,35.5618749,139.5759969,47.2
7369033892,35.5616764,139.5831768,36.2
7369033893,35.5627308,139.5846635,35.0
7369033897,35.565013,139.5848795,28.7
7369033899,35.5656565,139.585364,29.7
7369033908,35.5653432,139.5844266,30.0
7369033914,35.5655928,139.58597,30.2
7369033916,35.5653608,139.5855339,29.0
7369033918,35.5635385,139.5836576,27.9
7369033919,35.5636746,139.5837645,27.9
7369033920,35.5635936,139.5837461,27.9
7369033922,35.5635584,139.5837403,27.8
7369033923,35.5636115,139.5836032,28.1
7369033924,35.5636947,139.5836176,28.1
7369033925,35.5637425,139.5837017,28.0
7369033926,35.5642435,139.5840409,28.2
7369033927,35.5626005,139.5819609,38.6
7369033928,35.5633178,139.5835756,28.2
7369033931,35.5628981,139.5834976,30.1
7369033934,35.5624827,139.5834253,32.2
7369033937,35.5621019,139.5833444,34.0
7369033941,35.561699,139.5831471,36.2
7369033942,35.5616583,139.5831012,36.4
7369033945,35.5613826,139.5827959,36.9
7369033948,35.5610883,139.5824539,35.5
7369033951,35.5607915,139.5821133,34.0
7369033954,35.5604983,139.5817704,32.7
7369033959,35.5607722,139.5807556,36.8
7369033963,35.56127,139.5804608,37.4
7369033966,35.5616267,139.5805273,34.8
7369033969,35.5619887,139.5805926,33.2
7369033972,35.5624042,139.580671,33.3
7369033975,35.5628235,139.580744,33.6
7369033978,35.5632385,139.5808291,33.8
7369033980,35.5636627,139.5809128,34.3
7369033981,35.5601857,139.579149,38.2
7369033984,35.5609945,139.5787965,37.3
7369033990,35.5601432,139.5793176,35.3
7369033991,35.560752,139.5795698,34.9
7369033992,35.5606495,139.5795159,35.0
7369033993,35.5619943,139.5801316,33.2
7369033994,35.5620032,139.5800374,33.3
7369033995,35.5620306,139.5802137,33.1
7369033996,35.5619885,139.5801836,33.2
7369033997,35.5619978,139.5802135,33.1
7369033998,35.5621059,139.5800644,33.1
7369033999,35.5621014,139.5801575,33.0
7369034000,35.5620637,139.5799596,33.1
7369034001,35.5620254,139.5805581,33.2
7369034002,35.5621415,139.5790394,36.2
7369034003,35.5620767,139.5796128,33.8
7369034006,35.5621934,139.5786349,37.6
7369034012,35.5621523,139.5796269,33.8
7369034013,35.5643146,139.5791595,29.1
7369034014,35.5641956,139.5804905,30.8
7369034015,35.5640865,139.5806421,30.8
7369034016,35.563981,139.5806279,30.8
7369034017,35.5639041,139.580393,30.7
7369034018,35.5638937,139.580499,30.6
7369034019,35.564125,139.580309,30.6
7369034020,35.564025,139.5802893,30.6
7369034021,35.5647444,139.5805897,34.6
7369034022,35.5645565,139.5806495,33.5
7369034023,35.5652281,139.5812189,37.9
7369034024,35.5653159,139.5811302,37.9
7369034025,35.5659093,139.5821823,35.0
7369034027,35.5658921,139.5823021,34.9
7369034030,35.5659865,139.5823045,34.9
7369034033,35.5660035,139.5821961,34.9
7406081422,35.564542,139.5674444,50.0
7406081424,35.564868,139.5677965,49.9
7406094168,35.5687466,139.5731107,52.0
7755269987,35.5694075,139.5876745,32.6
7755269988,35.5693571,139.5875752,33.9
7755269989,35.5690508,139.5875372,35.5
7755269990,35.5692742,139.5871675,35.7
7755269992,35.5693939,139.5877132,32.6
7768598949,35.5675037,139.5712513,43.2
7924959733,35.568167,139.566666,38.1
7924959734,35.5681696,139.56675,37.6
7924959735,35.5682379,139.5665064,36.4
7924959736,35.5682358,139.5663575,35.3
7924959745,35.5681437,139.5662998,35.1
7924959746,35.5681419,139.5660773,35.5
7924959747,35.5681441,139.5663616,35.1
7924959748,35.5678508,139.5664315,34.4
7924959749,35.5678502,139.5663744,34.4
7924959750,35.5678512,139.5664699,34.5
7924959774,35.5675626,139.5658748,31.8
7924959775,35.5682813,139.5658606,32.2
7924960096,35.5674029,139.566333,33.4
7924960097,35.5677154,139.5660538,34.0
7924960099,35.5674033,139.5663935,33.4
7924960100,35.5672389,139.5663403,33.0
7924960101,35.5672321,139.5660304,33.4
7924960102,35.5672403,139.5664005,33.0
8132869464,35.5611077,139.5679505,45.2
8132869465,35.5612402,139.5677984,46.8
8132869469,35.5610474,139.5680042,45.0
8411254500,35.5537608,139.5803448,36.0
8411254506,35.5541998,139.5806171,36.7
8411254514,35.5551495,139.5796885,36.9
8411254515,35.5545875,139.5794074,35.8
8411254516,35.5554504,139.5792243,36.6
8411280119,35.5553727,139.5790095,36.5
8411280120,35.5554368,139.5788082,36.3
8411280138,35.5548816,139.5770738,28.3
8411280161,35.5533852,139.5774334,27.6
8411280183,35.5541641,139.5783839,34.9
8411280185,35.5537728,139.5779227,28.0
8411280186,35.5537948,139.5778682,28.0
8571718052,35.5607974,139.5698616,55.6
8571718061,35.560721,139.570608,55.5
8571718070,35.5609516,139.5709215,55.6
8571718081,35.5606913,139.5700229,55.6
8571718099,35.5607487,139.5703959,55.6
8571718115,35.560529,139.5702778,55.6
8571718116,35.5606175,139.5702763,55.6
8571776917,35.561354,139.5704126,55.7
8796848789,35.5550265,139.5717416,30.5
8796848791,35.5545424,139.5719319,32.9
8796848798,35.5549312,139.5699279,25.1
8796848802,35.5546271,139.5699371,32.9
8796848807,35.5542614,139.5704435,39.9
8796848810,35.554224,139.5711279,39.5
8796851721,35.5542607,139.5705338,39.9
8796851722,35.5541278,139.5711734,36.7
8796851723,35.5541334,139.5712161,36.8
8796851724,35.5544777,139.571456,38.9
8796851727,35.5547045,139.5712759,39.0
8796851728,35.5546301,139.5712238,39.9
8796851730,35.5545851,139.5720739,28.5
8796851731,35.5546021,139.5722379,28.1
8796851734,35.5543589,139.572469,22.0
8796851735,35.5544756,139.5718754,32.9
8796851737,35.5547265,139.5722481,28.0
8796851738,35.5543998,139.5722241,25.3
8796851739,35.5543547,139.5716691,33.8
8796851741,35.5549589,139.5713457,34.1
8796851743,35.5547459,139.5714434,39.0
8796851753,35.5542252,139.5695374,16.8
8796851759,35.5543658,139.5699482,31.5
8796856947,35.5599314,139.5708653,47.0
8796856948,35.5599932,139.5710467,45.6
8796856949,35.5598268,139.5707093,47.4
8808818564,35.5594441,139.5712078,45.4
8808818565,35.5599867,139.571743,46.3
8808818566,35.5599488,139.5716569,45.1
8808818567,35.5602576,139.5713466,42.9
8808818570,35.5603561,139.5715112,41.7
8808818571,35.5603117,139.5715272,42.3
8828729105,35.5598461,139.5706867,47.4
8828729106,35.5598391,139.570718,47.4
8828729109,35.5601286,139.5709357,45.7
8828729110,35.5600937,139.5709618,45.5
9009445415,35.569608,139.5871554,34.3
9269014613,35.569673,139.5834707,42.3
9269014614,35.5698404,139.5835143,42.4
9269014615,35.5696365,139.5836914,42.6
9269014616,35.5697815,139.5837302,43.0
9269014617,35.57021,139.5837142,37.4
9269014618,35.5699964,139.5836645,39.5
9269014619,35.5693312,139.5855415,38.8
9269014620,35.5692339,139.5858411,39.8
9269014796,35.5693508,139.5869021,37.3
9269014800,35.5687212,139.5861335,47.5
9269014802,35.5684353,139.5859964,45.3
9269014803,35.568779,139.5854482,43.0
9269014804,35.5689426,139.5856453,43.0
9269014805,35.569031,139.5867451,40.0
9269014806,35.5692872,139.5865773,38.9
9269014807,35.5690506,139.5864446,41.4
9269014808,35.569944,139.5862797,33.7
9269014809,35.5700659,139.5859193,32.8
9269014820,35.5699163,139.5847773,38.1
9269014822,35.5701371,139.5849158,37.8
9269014823,35.5702233,139.5852604,34.8
9269014824,35.5702844,139.585011,35.9
9269014825,35.5705792,139.5850517,33.1
9269014826,35.5707284,139.5850888,33.4
9269015100,35.5710953,139.5875614,28.3
9269072324,35.5690213,139.5836478,48.5
9269072326,35.569077,139.5828161,49.3
9269072328,35.5694914,139.5810859,49.1
9269072329,35.5699735,139.5816556,43.3
9269072330,35.5700356,139.5816823,43.3
9269072331,35.5700182,139.5817508,43.3
9269072332,35.5701292,139.581314,42.4
9269072672,35.5704862,139.5835586,37.5
9269278071,35.5705975,139.5844846,34.5
9269278077,35.5699464,139.5848,38.2
9269278079,35.5696091,139.5856239,36.7
9269278081,35.5695077,139.585583,37.3
9269278082,35.5695306,139.5855763,37.2
9269278089,35.569571,139.5842546,43.1
9269278094,35.5695977,139.584093,43.0
9269278099,35.5701672,139.5837043,37.4
9269278101,35.5702282,139.5831791,37.8
9269278113,35.5705249,139.5814886,38.8
9269278311,35.5708014,139.5737578,67.7
9269278325,35.5686118,139.5771743,54.9
9269278326,35.5687397,139.5771736,55.3
9269278327,35.5690585,139.5771279,54.2
9269278328,35.5692426,139.5771401,54.3
9269278329,35.5692926,139.577699,50.8
9269278331,35.5693212,139.5772648,52.3
9269278332,35.5698426,139.5784812,49.7
9269278333,35.5696894,139.5770636,51.4
9269278334,35.5699549,139.5770878,53.8
9269278419,35.5703576,139.5754932,57.7
9269278421,35.5700144,139.5754952,61.6
9269278677,35.5707478,139.5789421,44.9
9269278678,35.5706384,139.5791544,45.1
9269278679,35.5708904,139.5794717,41.8
9269278680,35.5707502,139.5793549,43.3
9269422085,35.5699004,139.5799178,52.1
9269422090,35.5700062,139.5797536,50.6
9269422091,35.57008,139.5800184,49.4
9269422096,35.5700092,139.5797085,50.8
9269422097,35.5700275,139.5799591,50.0
9269422104,35.5698761,139.5797572,52.6
9269422105,35.5696929,139.5798906,52.7
9269422106,35.5697271,139.5798286,52.8
9269422733,35.5698699,139.5762637,56.4
9269422735,35.5703289,139.5754698,57.8
9269422742,35.5700248,139.5746744,64.3
9269422923,35.569509,139.5755283,63.0
9269422924,35.5692382,139.5752867,64.0
9269423055,35.569716,139.5776993,50.0
9269423057,35.5697295,139.5770672,51.5
9269423062,35.5699288,139.5764145,56.3
9269423070,35.5703629,139.5831268,37.6
9269423084,35.5698459,139.5792402,48.4
9269423100,35.5695873,139.5777717,49.8
9269423101,35.5697095,139.5777744,49.9
9269423103,35.5696476,139.5785269,49.2
9269423111,35.5706967,139.5797244,41.1
9269585406,35.5686034,139.5840669,48.7
9269585408,35.5688548,139.5840964,49.1
9269585410,35.5686284,139.5839274,48.7
9269585412,35.5688673,139.5840005,49.2
9269585414,35.5693048,139.5840454,46.6
9269585416,35.5689983,139.5840213,48.7
9269611221,35.5689748,139.5841165,48.7
9269611224,35.5695055,139.5842265,43.8
9791175836,35.5702141,139.5666646,40.5
9933290457,35.5626808,139.5701419,49.9
9933290458,35.5630055,139.5699382,49.8
9983566978,35.55436,139.5758347,29.9
9983566987,35.5544999,139.571504,39.0
9983566999,35.5546962,139.570905,39.5
9983573421,35.5552869,139.5717872,27.0
9983573432,35.556825,139.5696834,25.5
9983573434,35.5570168,139.5715287,36.1
9983573435,35.5575658,139.571112,38.0
9983573436,35.5580419,139.5719754,45.1
9983573438,35.556871,139.5729277,42.4
9983573465,35.5580758,139.5720789,45.1
9983573480,35.5561501,139.5753694,43.9
9983573482,35.5567833,139.5758089,44.2
9983573484,35.5572969,139.5760255,41.5
9983573485,35.5575134,139.5761487,38.5
9983573486,35.5575786,139.5759497,38.8
9983573488,35.5569948,139.5776756,36.8
9983573491,35.5569497,139.5776931,36.9
9983573494,35.5580764,139.5745856,40.0
9983573496,35.5568452,139.5779978,36.8
9983573497,35.5568675,139.5780498,36.8
9983573499,35.5565955,139.5789065,37.4
9983573500,35.5565679,139.5789238,37.5
9983573505,35.5558444,139.5779853,35.0
9983573509,35.5559961,139.5775778,34.6
9983573524,35.5555755,139.580524,36.8
9983573537,35.5558544,139.5794284,37.1
9983573542,35.5559261,139.5794631,37.1
9983573551,35.5565217,139.5791261,37.8
9983573552,35.5565099,139.5791045,37.7
9983573555,35.5558891,139.5794459,37.1
9983573556,35.5563487,139.5796757,38.4
10269783367,35.5550287,139.5800019,36.6
10269783368,35.5550131,139.580047,36.7
10269783370,35.5551892,139.5800345,36.7
10269783371,35.5551129,139.5799974,36.8
10269783372,35.5550596,139.5799716,36.7
10310178222,35.5542386,139.5807204,37.0
10310178223,35.5542556,139.5806727,36.6
10310178224,35.5543856,139.5808111,37.0
10310178225,35.5543999,139.5807674,36.5
10310178226,35.5537333,139.5808539,34.1
10310178229,35.5541624,139.581089,37.2
10310178243,35.5537136,139.5808402,34.0
10310879492,35.5535507,139.5805121,36.0
10544476496,35.5542808,139.5760701,29.7
10605937411,35.5619313,139.5713529,49.5
10624985148,35.5534878,139.5783578,26.8
10624985150,35.5537531,139.5786248,27.0
10624985151,35.5536394,139.5784275,26.9
10701763039,35.5535554,139.570631,17.1
10701763041,35.5533893,139.570552,15.0
10701779847,35.5544676,139.5762657,30.3
10701779850,35.5542912,139.5760391,29.5
10709340457,35.553305,139.5726747,15.9
10709340459,35.5533261,139.5725166,15.7
10709340461,35.5533463,139.5723649,15.5
10712492257,35.5531706,139.5775834,27.6
10712492262,35.5532897,139.5759915,22.9
10712492263,35.5532423,139.5761353,22.9
10712492264,35.5532929,139.5762895,23.0
10712492265,35.5534323,139.5762276,23.5
10712492266,35.5534786,139.5760832,23.4
10712492267,35.5532103,139.5762325,22.8
10712492268,35.5532187,139.5762541,22.9
10712492269,35.5534981,139.5760223,23.3
10712492270,35.5533105,139.5759284,22.8
10712492273,35.553237,139.5767485,22.4
10712492280,35.5533607,139.576322,23.0
10721102909,35.5567774,139.579569,38.3
10721102915,35.5555053,139.582263,35.8
10721102916,35.555553,139.5821521,35.8
10721102917,35.555527,139.581985,35.6
10721102918,35.5554483,139.5819341,35.7
10721102919,35.5553261,139.5820092,35.9
10721102920,35.5552755,139.5821311,35.9
10721102921,35.5553047,139.5822807,35.6
10721102922,35.5553745,139.5823266,35.6
10721102924,35.5552384,139.5822203,35.8
10721102926,35.5552548,139.5822967,35.6
10721102928,35.5552499,139.5822446,35.7
10721102929,35.5555846,139.5820788,35.8
10721102930,35.5554212,139.5823764,35.5
10721102931,35.5554288,139.5823623,35.5
10721102936,35.5554746,139.5823342,35.7
10721102941,35.5555416,139.5805027,36.8
10721102942,35.5561237,139.5807481,36.8
10721102943,35.5561101,139.5806106,37.0
10721102944,35.5560393,139.5805631,37.0
10721102945,35.5559269,139.5806237,36.7
10721102946,35.5559499,139.5807709,36.7
10721102947,35.5560203,139.5808136,36.7
10721102948,35.5560666,139.5808416,36.9
10721102954,35.5555818,139.5820203,35.7
10721102960,35.5561063,139.5807905,36.8
10721102961,35.5562969,139.580911,37.7
10721102962,35.55615,139.5806373,36.9
10721102964,35.555994,139.5805327,36.9
10721102967,35.5559607,139.5805421,36.8
10721102974,35.5558895,139.5807138,36.7
10721102975,35.5559009,139.5807413,36.7
10721102979,35.5553647,139.5819164,35.8
10721102981,35.5553996,139.5819027,35.7
10721102983,35.5544667,139.5813485,36.1
10721102984,35.5545619,139.5814144,36.2
10721102996,35.5543866,139.5812931,36.0
10721102997,35.5546203,139.5808461,36.3
10721102998,35.5546495,139.5809827,36.3
10721102999,35.554772,139.5809462,36.3
10721103000,35.5547316,139.5808157,36.4
10721103002,35.5546463,139.5807897,36.3
10721103003,35.5545912,139.5809415,36.3
10721103004,35.5547106,139.5810258,36.2
10721114606,35.5547958,139.580896,36.3
10721114608,35.5547521,139.5809882,36.3
10721114614,35.5546713,139.5807741,36.3
10721114618,35.5545889,139.5809139,36.3
10721114630,35.5550374,139.5801815,36.7
10721114631,35.5551671,139.5801368,36.6
10721114633,35.5549908,139.5801493,36.6
10721114634,35.5551969,139.5800704,36.7
10721114642,35.5555068,139.5804808,36.8
10721114654,35.5547943,139.5808589,36.3
10721114657,35.5551039,139.5802276,36.7
10721114660,35.5551298,139.5802196,36.7
10721114667,35.5556137,139.580311,36.9
10721114668,35.5555785,139.5802871,36.9
10721114671,35.5556566,139.5803399,36.8
10721114680,35.5549896,139.5801147,36.7
10721114682,35.5553214,139.5791632,36.6
10721114683,35.5556238,139.5784594,36.2
10721114684,35.555561,139.578647,36.3
10721114685,35.5556782,139.5785731,36.2
10721114688,35.5554994,139.5786205,36.2
10721114691,35.5556416,139.5786817,36.2
10721114692,35.5555619,139.5784291,36.1
10721114694,35.5558325,139.5774968,33.6
10721114699,35.5561262,139.5789073,37.0
10721114700,35.5558314,139.5780235,35.1
10721114713,35.5558115,139.5780819,35.3
10721114717,35.5556797,139.5784869,36.1
10721114718,35.5556997,139.5785097,36.1
10721114719,35.5561289,139.5786984,36.9
10721114720,35.5560706,139.5788803,36.9
10721114722,35.5560957,139.5786817,36.8
10721114723,35.5561821,139.5787235,37.0
10721114724,35.5560436,139.5788677,36.9
10721114725,35.556541,139.5790074,37.6
10721114726,35.556633,139.5789271,37.5
10721114727,35.5567095,139.5789691,37.6
10721114728,35.5567287,139.579101,37.7
10721114729,35.5566376,139.5791788,37.9
10721114730,35.5565623,139.5791446,37.9
10721114731,35.5566777,139.579197,37.9
10721114732,35.5567519,139.5789923,37.7
10721114733,35.556745,139.579057,37.6
10721114734,35.556921,139.5780711,36.8
10721114735,35.5570029,139.5781037,36.8
10721114736,35.5571177,139.5780195,37.0
10721114737,35.5571569,139.5778982,37.0
10721114738,35.5571125,139.5777389,36.8
10721114739,35.5570366,139.5776981,36.9
10721114740,35.5569189,139.577783,37.0
10721114741,35.5568757,139.5779088,37.0
10723431992,35.5546557,139.5768119,27.1
10723431993,35.5546986,139.5766725,27.1
10723431994,35.5544287,139.5767029,26.5
10723431995,35.554473,139.5765626,26.4
10723431996,35.5555064,139.5770042,30.5
10723431997,35.5544943,139.576495,26.4
10723431998,35.5547196,139.5766043,27.1
10723432000,35.5540318,139.5778907,27.7
10723432004,35.554447,139.5768695,26.4
10723483805,35.5545137,139.5769025,26.6
10723483806,35.5546119,139.5769511,26.9
10723483810,35.5543786,139.576784,26.4
10723483812,35.5543977,139.5768008,26.3
10723483816,35.5544152,139.5768537,26.3
10723483817,35.5546853,139.5770325,27.8
10723483818,35.5545987,139.5769903,26.9
10723483821,35.5546233,139.5769171,26.9
10723483823,35.5554641,139.5773303,31.1
10723483825,35.5547057,139.5769691,27.6
10723483826,35.5563059,139.5798032,38.2
10723483833,35.5568446,139.5799117,40.9
10730038646,35.5563373,139.5754786,44.0
10730038655,35.5570144,139.5750649,43.8
10730038659,35.5567022,139.5749537,44.3
10730038660,35.556677,139.5750265,44.3
10730038661,35.5567369,139.5748536,44.3
10730038662,35.5568676,139.5749133,44.2
10730038664,35.5565291,139.574876,44.4
10732732932,35.5555794,139.5687555,19.0
10732732933,35.5553517,139.5691089,17.7
10732733201,35.5539504,139.5686093,15.0
10732733202,35.5538322,139.5683032,15.3
10732733560,35.5538047,139.5669745,17.9
10732733561,35.5537684,139.5668576,17.8
10732733562,35.5538238,139.5668276,17.8
10732733563,35.5536467,139.5669234,17.5
10732935708,35.5634168,139.5698531,49.9
10732935709,35.5636821,139.5701047,51.3
10734835058,35.5531997,139.5744458,19.6
10734835060,35.5532509,139.5747601,19.5
10734835071,35.5534036,139.5741813,18.0
10734835072,35.5534716,139.5740733,17.5
10734888802,35.5632039,139.5697543,50.2
10735004290,35.5647079,139.5695397,49.2
10735004295,35.563293,139.5685939,47.5
10735177983,35.5650518,139.5878453,35.1
10736137350,35.5649916,139.5875341,36.9
10736137353,35.5648164,139.5875584,33.1
10736137355,35.5645635,139.5876249,31.9
10736137373,35.5648998,139.5876183,33.4
10736137415,35.5652151,139.5878163,38.2
10736725797,35.5623227,139.5878156,24.9
10736725806,35.5623498,139.5878084,24.9
10736725807,35.5623944,139.5878605,24.8
10736725827,35.5657272,139.5876365,39.2
10736725828,35.5659567,139.5877336,40.3
10736725900,35.5649425,139.5848932,28.7
10736725915,35.5633086,139.5851886,32.8
10736725916,35.5633516,139.584827,27.0
10736725922,35.5636082,139.5852988,32.5
10736725925,35.563587,139.5850046,26.9
10736725927,35.5612222,139.5869951,27.2
10736725933,35.5598201,139.5855351,32.3
10736725944,35.5598894,139.5856029,32.0
10736725945,35.5611399,139.5869039,27.5
10736725946,35.5611887,139.586958,27.2
10736725949,35.5613532,139.5868195,27.1
10736725950,35.5612655,139.5867344,27.4
10736725951,35.5613135,139.5867811,27.3
10736725952,35.5613071,139.5868813,27.2
10736725953,35.5612616,139.5869422,27.2
10736725954,35.5612223,139.5867927,27.5
10736725955,35.5611787,139.5868516,27.5
10736725960,35.5600801,139.5854829,31.8
10736725961,35.5599668,139.5856704,31.9
10736725962,35.5600405,139.5855485,31.8
10736725963,35.5600007,139.5856144,31.7
10736725964,35.5599558,139.5853669,32.1
10736725965,35.5600184,139.5854248,32.0
10736725966,35.5599116,139.5854193,32.3
10736725967,35.559861,139.5854795,32.2
10736725977,35.5582711,139.5838743,26.7
10736725978,35.5605393,139.5863494,35.4
10736725980,35.560428,139.5861634,30.2
10736725983,35.5603679,139.5860996,30.4
10736725985,35.5607459,139.5860718,34.4
10736725986,35.5606875,139.5860219,32.6
10736725987,35.5606088,139.5859805,30.1
10736725988,35.5608803,139.585883,33.6
10736725991,35.5604562,139.5858201,30.6
10736725992,35.5606998,139.5860033,32.3
10736725993,35.5608567,139.5859162,33.5
10736725995,35.5611171,139.5855051,35.2
10736725999,35.5616445,139.5848032,37.1
10737082091,35.5607415,139.5681721,39.2
10737082094,35.5605798,139.5678999,36.7
10737093414,35.5589248,139.5675868,25.8
10737093418,35.5592711,139.5678477,33.6
10738679163,35.5643263,139.5869149,32.4
10738679204,35.5641533,139.5788703,29.7
10738681907,35.5642172,139.5784904,32.6
10738681910,35.5627156,139.5764554,45.1
10738681912,35.5626459,139.5759044,47.8
10738681913,35.5624706,139.5754938,48.2
10738873073,35.5537175,139.5812414,34.5
10738873075,35.5534743,139.5811117,36.0
10738873076,35.5534649,139.5811328,36.0
10738873080,35.5533157,139.581261,37.8
10738873081,35.5533575,139.5810685,38.9
10738873083,35.5533688,139.5809979,33.3
10739295319,35.5608872,139.5686612,49.8
10739295320,35.5608674,139.5686408,49.9
10742881913,35.5625508,139.5684175,50.0
10742881914,35.5620908,139.5690693,49.8
10742881915,35.5619903,139.5690742,49.8
10742881922,35.562415,139.5694929,49.3
10742881923,35.56236,139.56943,49.4
10742881924,35.5621282,139.569207,49.6
10742965966,35.5627239,139.5701878,49.9
10742965969,35.562195,139.5709706,50.6
10742965994,35.5641512,139.5693711,50.1
10742965997,35.5640116,139.5688157,49.3
10750646697,35.5644792,139.5707138,57.2
10750646698,35.5645154,139.570747,57.0
10750646699,35.5643144,139.5705626,57.7
10750698991,35.5631176,139.5750333,46.2
10750698995,35.5625317,139.5754107,48.0
10750698996,35.5625435,139.575449,48.0
10750699000,35.5624422,139.5754028,48.2
10750743308,35.5646755,139.5718485,61.0
10750743309,35.5646803,139.5719116,60.8
10751780971,35.5650042,139.585027,28.8
10751780972,35.5637359,139.583753,27.9
10751780973,35.5637482,139.5836599,27.9
10751780993,35.5649827,139.5848459,28.7
10751780995,35.5649248,139.5849115,28.8
10751780996,35.5650667,139.5849739,28.8
10751842706,35.565606,139.5860115,30.3
10751842707,35.5648235,139.5847918,28.7
10794673123,35.5553196,139.572073,28.5
10794673125,35.5563418,139.5721086,31.9
10794673131,35.5563463,139.5720439,31.3
10794673132,35.5563214,139.5719745,30.9
10794673133,35.5564491,139.5720401,33.0
10794673134,35.5565162,139.5720387,34.9
10794673135,35.5565765,139.5720377,36.3
10794673136,35.5564468,139.5721396,33.3
10803856438,35.5656121,139.5876713,39.0
10803910262,35.5618943,139.5847197,35.8
10803910263,35.5619564,139.5843969,36.7
10836967619,35.5540617,139.5745249,23.8
10836967620,35.5540269,139.5747702,23.4
10896026881,35.5551358,139.5698673,22.5
10896026882,35.5554266,139.5698136,20.4
10908360096,35.5563104,139.5712613,28.1
10908360099,35.5562172,139.5717956,27.6
10937054768,35.5580766,139.5706921,39.0
10937054769,35.5578469,139.5708804,38.5
10937054770,35.5575989,139.5710846,38.0
10946112646,35.5547364,139.583824,32.1
10946112647,35.5546687,139.5837776,32.1
10946112648,35.5540722,139.5850791,29.3
10946112654,35.5540088,139.5857883,27.3
10946118936,35.5544692,139.5838509,32.3
10946118937,35.5543691,139.5837894,32.6
10946118956,35.5540526,139.5849279,32.0
10946118957,35.5540759,139.5849363,31.6
10946118958,35.5541007,139.5848306,34.0
10946118960,35.5539467,139.5847881,32.8
10946118963,35.5540513,139.5852189,28.9
11951566056,35.5535906,139.5844588,35.4
11951566065,35.5532412,139.5841688,35.8
11954201548,35.5674989,139.5715683,44.1
11954201550,35.5675883,139.5713531,38.6
11954201559,35.5694116,139.5689373,63.4
12022212138,35.567215,139.5728673,39.6
12560683507,35.5576149,139.576286,38.2
13064972911,35.553184,139.5681978,14.5
13076848002,35.5695708,139.5856007,37.0
13076848003,35.569591,139.5857153,36.3
13076848004,35.5696035,139.5856804,36.4
13076848007,35.5689325,139.583994,48.9
13076848008,35.5688617,139.5840436,49.1
13076848009,35.5689878,139.5840637,48.6
13076852405,35.5695784,139.5781139,49.4
13076852407,35.5695545,139.578707,49.1
13076852447,35.571092,139.581178,35.8
13076852448,35.5711306,139.5813357,35.8
13076852505,35.5689123,139.5841247,49.0
13336225512,35.5688413,139.5873588,38.3
13336225514,35.5684877,139.586533,40.4
13336225515,35.5685224,139.5865788,40.2
13336225516,35.5685641,139.5865317,40.2
13336233260,35.5699131,139.5877404,31.2
13336233262,35.5697197,139.5873465,32.4
13403237136,35.5612954,139.5757854,48.2
